mission_id,allowed_abilities,exposure,grant_source,runtime_enabled,acceptance
CH01-M01,,Hidden,CampaignOwnershipAndMissionPolicy,false,Pending
CH01-M02,,Hidden,CampaignOwnershipAndMissionPolicy,false,Pending
CH01-M03,,Hidden,CampaignOwnershipAndMissionPolicy,false,Pending
CH01-M04,,Hidden,CampaignOwnershipAndMissionPolicy,false,Pending
CH01-M05,,Hidden,CampaignOwnershipAndMissionPolicy,false,Pending
CH02-M01,,Hidden,CampaignOwnershipAndMissionPolicy,false,Pending
CH02-M02,,Hidden,CampaignOwnershipAndMissionPolicy,false,Pending
CH02-M03,,Hidden,CampaignOwnershipAndMissionPolicy,false,Pending
CH02-M04,,Hidden,CampaignOwnershipAndMissionPolicy,false,Pending
CH02-M05,,Hidden,CampaignOwnershipAndMissionPolicy,false,Pending
CH03-M01,,Hidden,CampaignOwnershipAndMissionPolicy,false,Pending
CH03-M02,,Hidden,CampaignOwnershipAndMissionPolicy,false,Pending
CH03-M03,,Hidden,CampaignOwnershipAndMissionPolicy,false,Pending
CH03-M04,,Hidden,CampaignOwnershipAndMissionPolicy,false,Pending
CH03-M05,,Hidden,CampaignOwnershipAndMissionPolicy,false,Pending
CH04-M01,,Hidden,CampaignOwnershipAndMissionPolicy,false,Pending
CH04-M02,,Hidden,CampaignOwnershipAndMissionPolicy,false,Pending
CH04-M03,ability.smoke_screen,Optional,CampaignOwnershipAndMissionPolicy,false,Pending
CH04-M04,ability.smoke_screen;ability.precision_strike,Optional,CampaignOwnershipAndMissionPolicy,false,Pending
CH04-M05,ability.smoke_screen;ability.precision_strike;ability.paratrooper_reinforcements,Optional,CampaignOwnershipAndMissionPolicy,false,Pending
CH05-M01,ability.smoke_screen;ability.precision_strike;ability.paratrooper_reinforcements,Optional,CampaignOwnershipAndMissionPolicy,false,Pending
CH05-M02,ability.smoke_screen;ability.precision_strike;ability.paratrooper_reinforcements,Optional,CampaignOwnershipAndMissionPolicy,false,Pending
CH05-M03,ability.smoke_screen;ability.precision_strike;ability.paratrooper_reinforcements;ability.supply_drop,Optional,CampaignOwnershipAndMissionPolicy,false,Pending
CH05-M04,ability.smoke_screen;ability.precision_strike;ability.paratrooper_reinforcements;ability.supply_drop,Optional,CampaignOwnershipAndMissionPolicy,false,Pending
CH05-M05,ability.smoke_screen;ability.precision_strike;ability.paratrooper_reinforcements;ability.supply_drop,Optional,CampaignOwnershipAndMissionPolicy,false,Pending
