mission_id,code,district_id,family,allowed_abilities_ceiling,smoke_charges,strike_charges,paratrooper_charges,supply_charges,grant_source,additional_gate,runtime_enabled,acceptance
operation.o001,O001,district.operations.d01,RECON,ability.smoke_screen,2,0,0,0,MissionTaskForce,AuthoredMissionBindings,false,Pending
operation.o002,O002,district.operations.d01,ESCORT,ability.smoke_screen;ability.supply_drop,2,0,0,1,MissionTaskForce,AuthoredMissionBindings,false,Pending
operation.o003,O003,district.operations.d01,REPAIR,ability.smoke_screen;ability.supply_drop,2,0,0,1,MissionTaskForce,AuthoredMissionBindings,false,Pending
operation.o004,O004,district.operations.d01,RAID,ability.smoke_screen;ability.precision_strike,2,1,0,0,MissionTaskForce,AuthoredMissionBindings,false,Pending
operation.o005,O005,district.operations.d01,RESCUE,ability.smoke_screen,2,0,0,0,MissionTaskForce,AuthoredMissionBindings,false,Pending
operation.o006,O006,district.operations.d01,BREACH,ability.smoke_screen;ability.precision_strike,2,1,0,0,MissionTaskForce,AuthoredMissionBindings,false,Pending
operation.o007,O007,district.operations.d01,PATROL,ability.smoke_screen,2,0,0,0,MissionTaskForce,AuthoredMissionBindings,false,Pending
operation.o008,O008,district.operations.d01,INTERDICT,ability.smoke_screen;ability.precision_strike,2,1,0,0,MissionTaskForce,AuthoredMissionBindings,false,Pending
operation.o009,O009,district.operations.d01,DEFENSE,ability.smoke_screen;ability.paratrooper_reinforcements;ability.supply_drop,2,0,1,1,MissionTaskForce,AuthoredMissionBindings,false,Pending
operation.o010,O010,district.operations.d01,FINALE,ability.smoke_screen;ability.precision_strike;ability.paratrooper_reinforcements;ability.supply_drop,2,1,1,1,MissionTaskForce,PreviouslyIntroducedInDistrict,false,Pending
operation.o011,O011,district.operations.d02,RECON,ability.smoke_screen,2,0,0,0,MissionTaskForce,AuthoredMissionBindings,false,Pending
operation.o012,O012,district.operations.d02,PATROL,ability.smoke_screen,2,0,0,0,MissionTaskForce,AuthoredMissionBindings,false,Pending
operation.o013,O013,district.operations.d02,REPAIR,ability.smoke_screen;ability.supply_drop,2,0,0,1,MissionTaskForce,AuthoredMissionBindings,false,Pending
operation.o014,O014,district.operations.d02,ESCORT,ability.smoke_screen;ability.supply_drop,2,0,0,1,MissionTaskForce,AuthoredMissionBindings,false,Pending
operation.o015,O015,district.operations.d02,RESCUE,ability.smoke_screen,2,0,0,0,MissionTaskForce,AuthoredMissionBindings,false,Pending
operation.o016,O016,district.operations.d02,RAID,ability.smoke_screen;ability.precision_strike,2,1,0,0,MissionTaskForce,AuthoredMissionBindings,false,Pending
operation.o017,O017,district.operations.d02,SEIZE,ability.smoke_screen;ability.precision_strike;ability.paratrooper_reinforcements;ability.supply_drop,2,1,1,1,MissionTaskForce,AuthoredMissionBindings,false,Pending
operation.o018,O018,district.operations.d02,AIRLIFT,ability.smoke_screen;ability.paratrooper_reinforcements;ability.supply_drop,2,0,1,1,MissionTaskForce,AuthoredMissionBindings,false,Pending
operation.o019,O019,district.operations.d02,DEFENSE,ability.smoke_screen;ability.paratrooper_reinforcements;ability.supply_drop,2,0,1,1,MissionTaskForce,AuthoredMissionBindings,false,Pending
operation.o020,O020,district.operations.d02,FINALE,ability.smoke_screen;ability.precision_strike;ability.paratrooper_reinforcements;ability.supply_drop,2,1,1,1,MissionTaskForce,PreviouslyIntroducedInDistrict,false,Pending
operation.o021,O021,district.operations.d03,RECON,ability.smoke_screen,2,0,0,0,MissionTaskForce,AuthoredMissionBindings,false,Pending
operation.o022,O022,district.operations.d03,ESCORT,ability.smoke_screen;ability.supply_drop,2,0,0,1,MissionTaskForce,AuthoredMissionBindings,false,Pending
operation.o023,O023,district.operations.d03,REPAIR,ability.smoke_screen;ability.supply_drop,2,0,0,1,MissionTaskForce,AuthoredMissionBindings,false,Pending
operation.o024,O024,district.operations.d03,RESCUE,ability.smoke_screen,2,0,0,0,MissionTaskForce,AuthoredMissionBindings,false,Pending
operation.o025,O025,district.operations.d03,INTERDICT,ability.smoke_screen;ability.precision_strike,2,1,0,0,MissionTaskForce,AuthoredMissionBindings,false,Pending
operation.o026,O026,district.operations.d03,BREACH,ability.smoke_screen;ability.precision_strike,2,1,0,0,MissionTaskForce,AuthoredMissionBindings,false,Pending
operation.o027,O027,district.operations.d03,SEIZE,ability.smoke_screen;ability.precision_strike;ability.paratrooper_reinforcements;ability.supply_drop,2,1,1,1,MissionTaskForce,AuthoredMissionBindings,false,Pending
operation.o028,O028,district.operations.d03,RAID,ability.smoke_screen;ability.precision_strike,2,1,0,0,MissionTaskForce,AuthoredMissionBindings,false,Pending
operation.o029,O029,district.operations.d03,DEFENSE,ability.smoke_screen;ability.paratrooper_reinforcements;ability.supply_drop,2,0,1,1,MissionTaskForce,AuthoredMissionBindings,false,Pending
operation.o030,O030,district.operations.d03,FINALE,ability.smoke_screen;ability.precision_strike;ability.paratrooper_reinforcements;ability.supply_drop,2,1,1,1,MissionTaskForce,PreviouslyIntroducedInDistrict,false,Pending
operation.o031,O031,district.operations.d04,RECON,ability.smoke_screen,2,0,0,0,MissionTaskForce,AuthoredMissionBindings,false,Pending
operation.o032,O032,district.operations.d04,RESCUE,ability.smoke_screen,2,0,0,0,MissionTaskForce,AuthoredMissionBindings,false,Pending
operation.o033,O033,district.operations.d04,REPAIR,ability.smoke_screen;ability.supply_drop,2,0,0,1,MissionTaskForce,AuthoredMissionBindings,false,Pending
operation.o034,O034,district.operations.d04,ESCORT,ability.smoke_screen;ability.supply_drop,2,0,0,1,MissionTaskForce,AuthoredMissionBindings,false,Pending
operation.o035,O035,district.operations.d04,PATROL,ability.smoke_screen,2,0,0,0,MissionTaskForce,AuthoredMissionBindings,false,Pending
operation.o036,O036,district.operations.d04,BREACH,ability.smoke_screen;ability.precision_strike,2,1,0,0,MissionTaskForce,AuthoredMissionBindings,false,Pending
operation.o037,O037,district.operations.d04,SEIZE,ability.smoke_screen;ability.precision_strike;ability.paratrooper_reinforcements;ability.supply_drop,2,1,1,1,MissionTaskForce,AuthoredMissionBindings,false,Pending
operation.o038,O038,district.operations.d04,INTERDICT,ability.smoke_screen;ability.precision_strike,2,1,0,0,MissionTaskForce,AuthoredMissionBindings,false,Pending
operation.o039,O039,district.operations.d04,ESCORT,ability.smoke_screen;ability.supply_drop,2,0,0,1,MissionTaskForce,AuthoredMissionBindings,false,Pending
operation.o040,O040,district.operations.d04,FINALE,ability.smoke_screen;ability.precision_strike;ability.paratrooper_reinforcements;ability.supply_drop,2,1,1,1,MissionTaskForce,PreviouslyIntroducedInDistrict,false,Pending
operation.o041,O041,district.operations.d05,RECON,ability.smoke_screen,2,0,0,0,MissionTaskForce,AuthoredMissionBindings,false,Pending
operation.o042,O042,district.operations.d05,PATROL,ability.smoke_screen,2,0,0,0,MissionTaskForce,AuthoredMissionBindings,false,Pending
operation.o043,O043,district.operations.d05,REPAIR,ability.smoke_screen;ability.supply_drop,2,0,0,1,MissionTaskForce,AuthoredMissionBindings,false,Pending
operation.o044,O044,district.operations.d05,ESCORT,ability.smoke_screen;ability.supply_drop,2,0,0,1,MissionTaskForce,AuthoredMissionBindings,false,Pending
operation.o045,O045,district.operations.d05,AIRLIFT,ability.smoke_screen;ability.paratrooper_reinforcements;ability.supply_drop,2,0,1,1,MissionTaskForce,AuthoredMissionBindings,false,Pending
operation.o046,O046,district.operations.d05,BREACH,ability.smoke_screen;ability.precision_strike,2,1,0,0,MissionTaskForce,AuthoredMissionBindings,false,Pending
operation.o047,O047,district.operations.d05,INTERDICT,ability.smoke_screen;ability.precision_strike,2,1,0,0,MissionTaskForce,AuthoredMissionBindings,false,Pending
operation.o048,O048,district.operations.d05,SEIZE,ability.smoke_screen;ability.precision_strike;ability.paratrooper_reinforcements;ability.supply_drop,2,1,1,1,MissionTaskForce,AuthoredMissionBindings,false,Pending
operation.o049,O049,district.operations.d05,DEFENSE,ability.smoke_screen;ability.paratrooper_reinforcements;ability.supply_drop,2,0,1,1,MissionTaskForce,AuthoredMissionBindings,false,Pending
operation.o050,O050,district.operations.d05,FINALE,ability.smoke_screen;ability.precision_strike;ability.paratrooper_reinforcements;ability.supply_drop,2,1,1,1,MissionTaskForce,PreviouslyIntroducedInDistrict,false,Pending
operation.o051,O051,district.operations.d06,RECON,ability.smoke_screen,2,0,0,0,MissionTaskForce,AuthoredMissionBindings,false,Pending
operation.o052,O052,district.operations.d06,RESCUE,ability.smoke_screen,2,0,0,0,MissionTaskForce,AuthoredMissionBindings,false,Pending
operation.o053,O053,district.operations.d06,REPAIR,ability.smoke_screen;ability.supply_drop,2,0,0,1,MissionTaskForce,AuthoredMissionBindings,false,Pending
operation.o054,O054,district.operations.d06,ESCORT,ability.smoke_screen;ability.supply_drop,2,0,0,1,MissionTaskForce,AuthoredMissionBindings,false,Pending
operation.o055,O055,district.operations.d06,RAID,ability.smoke_screen;ability.precision_strike,2,1,0,0,MissionTaskForce,AuthoredMissionBindings,false,Pending
operation.o056,O056,district.operations.d06,BREACH,ability.smoke_screen;ability.precision_strike,2,1,0,0,MissionTaskForce,AuthoredMissionBindings,false,Pending
operation.o057,O057,district.operations.d06,SEIZE,ability.smoke_screen;ability.precision_strike;ability.paratrooper_reinforcements;ability.supply_drop,2,1,1,1,MissionTaskForce,AuthoredMissionBindings,false,Pending
operation.o058,O058,district.operations.d06,AIRLIFT,ability.smoke_screen;ability.paratrooper_reinforcements;ability.supply_drop,2,0,1,1,MissionTaskForce,AuthoredMissionBindings,false,Pending
operation.o059,O059,district.operations.d06,DEFENSE,ability.smoke_screen;ability.paratrooper_reinforcements;ability.supply_drop,2,0,1,1,MissionTaskForce,AuthoredMissionBindings,false,Pending
operation.o060,O060,district.operations.d06,FINALE,ability.smoke_screen;ability.precision_strike;ability.paratrooper_reinforcements;ability.supply_drop,2,1,1,1,MissionTaskForce,PreviouslyIntroducedInDistrict,false,Pending
