scenario_id,map_id,objective_id,army_profile,start_profile,allowed_abilities,smoke_charges,strike_charges,paratrooper_charges,supply_charges,grant_source,readiness_policy,runtime_enabled,acceptance
S001,DB,BA,G,F,ability.smoke_screen;ability.supply_drop,2,0,0,1,ScenarioPerFaction,Smoke:R1;Supply:R2,false,Pending
S002,DB,BA,G,E,ability.smoke_screen;ability.supply_drop,2,0,0,1,ScenarioPerFaction,Smoke:R1;Supply:R2,false,Pending
S003,DB,BA,A,F,ability.smoke_screen;ability.precision_strike;ability.paratrooper_reinforcements;ability.supply_drop,2,1,1,1,ScenarioPerFaction,Smoke:R1;Paratroopers:R2;Supply:R2;Strike:R3,false,Pending
S004,DB,BA,A,E,ability.smoke_screen;ability.precision_strike;ability.paratrooper_reinforcements;ability.supply_drop,2,1,1,1,ScenarioPerFaction,Smoke:R1;Paratroopers:R2;Supply:R2;Strike:R3,false,Pending
S005,DB,BA,C,F,ability.smoke_screen;ability.precision_strike;ability.paratrooper_reinforcements;ability.supply_drop,2,1,1,1,ScenarioPerFaction,Smoke:R1;Paratroopers:R2;Supply:R2;Strike:R3,false,Pending
S006,DB,BA,C,E,ability.smoke_screen;ability.precision_strike;ability.paratrooper_reinforcements;ability.supply_drop,2,1,1,1,ScenarioPerFaction,Smoke:R1;Paratroopers:R2;Supply:R2;Strike:R3,false,Pending
S007,DB,FC,G,F,ability.smoke_screen;ability.supply_drop,2,0,0,1,ScenarioPerFaction,Smoke:R1;Supply:R2,false,Pending
S008,DB,FC,G,E,ability.smoke_screen;ability.supply_drop,2,0,0,1,ScenarioPerFaction,Smoke:R1;Supply:R2,false,Pending
S009,DB,FC,A,F,ability.smoke_screen;ability.precision_strike;ability.paratrooper_reinforcements;ability.supply_drop,2,1,1,1,ScenarioPerFaction,Smoke:R1;Paratroopers:R2;Supply:R2;Strike:R3,false,Pending
S010,DB,FC,A,E,ability.smoke_screen;ability.precision_strike;ability.paratrooper_reinforcements;ability.supply_drop,2,1,1,1,ScenarioPerFaction,Smoke:R1;Paratroopers:R2;Supply:R2;Strike:R3,false,Pending
S011,DB,FC,C,F,ability.smoke_screen;ability.precision_strike;ability.paratrooper_reinforcements;ability.supply_drop,2,1,1,1,ScenarioPerFaction,Smoke:R1;Paratroopers:R2;Supply:R2;Strike:R3,false,Pending
S012,DB,FC,C,E,ability.smoke_screen;ability.precision_strike;ability.paratrooper_reinforcements;ability.supply_drop,2,1,1,1,ScenarioPerFaction,Smoke:R1;Paratroopers:R2;Supply:R2;Strike:R3,false,Pending
S013,DB,BT,G,F,ability.smoke_screen;ability.supply_drop,2,0,0,1,ScenarioPerFaction,Smoke:R1;Supply:R2,false,Pending
S014,DB,BT,G,E,ability.smoke_screen;ability.supply_drop,2,0,0,1,ScenarioPerFaction,Smoke:R1;Supply:R2,false,Pending
S015,DB,BT,A,F,ability.smoke_screen;ability.precision_strike;ability.paratrooper_reinforcements;ability.supply_drop,2,1,1,1,ScenarioPerFaction,Smoke:R1;Paratroopers:R2;Supply:R2;Strike:R3,false,Pending
S016,DB,BT,A,E,ability.smoke_screen;ability.precision_strike;ability.paratrooper_reinforcements;ability.supply_drop,2,1,1,1,ScenarioPerFaction,Smoke:R1;Paratroopers:R2;Supply:R2;Strike:R3,false,Pending
S017,DB,BT,C,F,ability.smoke_screen;ability.precision_strike;ability.paratrooper_reinforcements;ability.supply_drop,2,1,1,1,ScenarioPerFaction,Smoke:R1;Paratroopers:R2;Supply:R2;Strike:R3,false,Pending
S018,DB,BT,C,E,ability.smoke_screen;ability.precision_strike;ability.paratrooper_reinforcements;ability.supply_drop,2,1,1,1,ScenarioPerFaction,Smoke:R1;Paratroopers:R2;Supply:R2;Strike:R3,false,Pending
S019,DB,CE,G,F,ability.smoke_screen;ability.supply_drop,2,0,0,1,ScenarioPerFaction,Smoke:R1;Supply:R2,false,Pending
S020,DB,CE,G,E,ability.smoke_screen;ability.supply_drop,2,0,0,1,ScenarioPerFaction,Smoke:R1;Supply:R2,false,Pending
S021,DB,CE,A,F,ability.smoke_screen;ability.precision_strike;ability.paratrooper_reinforcements;ability.supply_drop,2,1,1,1,ScenarioPerFaction,Smoke:R1;Paratroopers:R2;Supply:R2;Strike:R3,false,Pending
S022,DB,CE,A,E,ability.smoke_screen;ability.precision_strike;ability.paratrooper_reinforcements;ability.supply_drop,2,1,1,1,ScenarioPerFaction,Smoke:R1;Paratroopers:R2;Supply:R2;Strike:R3,false,Pending
S023,DB,CE,C,F,ability.smoke_screen;ability.precision_strike;ability.paratrooper_reinforcements;ability.supply_drop,2,1,1,1,ScenarioPerFaction,Smoke:R1;Paratroopers:R2;Supply:R2;Strike:R3,false,Pending
S024,DB,CE,C,E,ability.smoke_screen;ability.precision_strike;ability.paratrooper_reinforcements;ability.supply_drop,2,1,1,1,ScenarioPerFaction,Smoke:R1;Paratroopers:R2;Supply:R2;Strike:R3,false,Pending
S025,CC,BA,G,F,ability.smoke_screen;ability.supply_drop,2,0,0,1,ScenarioPerFaction,Smoke:R1;Supply:R2,false,Pending
S026,CC,BA,G,E,ability.smoke_screen;ability.supply_drop,2,0,0,1,ScenarioPerFaction,Smoke:R1;Supply:R2,false,Pending
S027,CC,BA,A,F,ability.smoke_screen;ability.precision_strike;ability.paratrooper_reinforcements;ability.supply_drop,2,1,1,1,ScenarioPerFaction,Smoke:R1;Paratroopers:R2;Supply:R2;Strike:R3,false,Pending
S028,CC,BA,A,E,ability.smoke_screen;ability.precision_strike;ability.paratrooper_reinforcements;ability.supply_drop,2,1,1,1,ScenarioPerFaction,Smoke:R1;Paratroopers:R2;Supply:R2;Strike:R3,false,Pending
S029,CC,BA,C,F,ability.smoke_screen;ability.precision_strike;ability.paratrooper_reinforcements;ability.supply_drop,2,1,1,1,ScenarioPerFaction,Smoke:R1;Paratroopers:R2;Supply:R2;Strike:R3,false,Pending
S030,CC,BA,C,E,ability.smoke_screen;ability.precision_strike;ability.paratrooper_reinforcements;ability.supply_drop,2,1,1,1,ScenarioPerFaction,Smoke:R1;Paratroopers:R2;Supply:R2;Strike:R3,false,Pending
S031,CC,FC,G,F,ability.smoke_screen;ability.supply_drop,2,0,0,1,ScenarioPerFaction,Smoke:R1;Supply:R2,false,Pending
S032,CC,FC,G,E,ability.smoke_screen;ability.supply_drop,2,0,0,1,ScenarioPerFaction,Smoke:R1;Supply:R2,false,Pending
S033,CC,FC,A,F,ability.smoke_screen;ability.precision_strike;ability.paratrooper_reinforcements;ability.supply_drop,2,1,1,1,ScenarioPerFaction,Smoke:R1;Paratroopers:R2;Supply:R2;Strike:R3,false,Pending
S034,CC,FC,A,E,ability.smoke_screen;ability.precision_strike;ability.paratrooper_reinforcements;ability.supply_drop,2,1,1,1,ScenarioPerFaction,Smoke:R1;Paratroopers:R2;Supply:R2;Strike:R3,false,Pending
S035,CC,FC,C,F,ability.smoke_screen;ability.precision_strike;ability.paratrooper_reinforcements;ability.supply_drop,2,1,1,1,ScenarioPerFaction,Smoke:R1;Paratroopers:R2;Supply:R2;Strike:R3,false,Pending
S036,CC,FC,C,E,ability.smoke_screen;ability.precision_strike;ability.paratrooper_reinforcements;ability.supply_drop,2,1,1,1,ScenarioPerFaction,Smoke:R1;Paratroopers:R2;Supply:R2;Strike:R3,false,Pending
S037,CC,BT,G,F,ability.smoke_screen;ability.supply_drop,2,0,0,1,ScenarioPerFaction,Smoke:R1;Supply:R2,false,Pending
S038,CC,BT,G,E,ability.smoke_screen;ability.supply_drop,2,0,0,1,ScenarioPerFaction,Smoke:R1;Supply:R2,false,Pending
S039,CC,BT,A,F,ability.smoke_screen;ability.precision_strike;ability.paratrooper_reinforcements;ability.supply_drop,2,1,1,1,ScenarioPerFaction,Smoke:R1;Paratroopers:R2;Supply:R2;Strike:R3,false,Pending
S040,CC,BT,A,E,ability.smoke_screen;ability.precision_strike;ability.paratrooper_reinforcements;ability.supply_drop,2,1,1,1,ScenarioPerFaction,Smoke:R1;Paratroopers:R2;Supply:R2;Strike:R3,false,Pending
S041,CC,BT,C,F,ability.smoke_screen;ability.precision_strike;ability.paratrooper_reinforcements;ability.supply_drop,2,1,1,1,ScenarioPerFaction,Smoke:R1;Paratroopers:R2;Supply:R2;Strike:R3,false,Pending
S042,CC,BT,C,E,ability.smoke_screen;ability.precision_strike;ability.paratrooper_reinforcements;ability.supply_drop,2,1,1,1,ScenarioPerFaction,Smoke:R1;Paratroopers:R2;Supply:R2;Strike:R3,false,Pending
S043,CC,CE,G,F,ability.smoke_screen;ability.supply_drop,2,0,0,1,ScenarioPerFaction,Smoke:R1;Supply:R2,false,Pending
S044,CC,CE,G,E,ability.smoke_screen;ability.supply_drop,2,0,0,1,ScenarioPerFaction,Smoke:R1;Supply:R2,false,Pending
S045,CC,CE,A,F,ability.smoke_screen;ability.precision_strike;ability.paratrooper_reinforcements;ability.supply_drop,2,1,1,1,ScenarioPerFaction,Smoke:R1;Paratroopers:R2;Supply:R2;Strike:R3,false,Pending
S046,CC,CE,A,E,ability.smoke_screen;ability.precision_strike;ability.paratrooper_reinforcements;ability.supply_drop,2,1,1,1,ScenarioPerFaction,Smoke:R1;Paratroopers:R2;Supply:R2;Strike:R3,false,Pending
S047,CC,CE,C,F,ability.smoke_screen;ability.precision_strike;ability.paratrooper_reinforcements;ability.supply_drop,2,1,1,1,ScenarioPerFaction,Smoke:R1;Paratroopers:R2;Supply:R2;Strike:R3,false,Pending
S048,CC,CE,C,E,ability.smoke_screen;ability.precision_strike;ability.paratrooper_reinforcements;ability.supply_drop,2,1,1,1,ScenarioPerFaction,Smoke:R1;Paratroopers:R2;Supply:R2;Strike:R3,false,Pending
S049,MP,BA,G,F,ability.smoke_screen;ability.supply_drop,2,0,0,1,ScenarioPerFaction,Smoke:R1;Supply:R2,false,Pending
S050,MP,BA,G,E,ability.smoke_screen;ability.supply_drop,2,0,0,1,ScenarioPerFaction,Smoke:R1;Supply:R2,false,Pending
S051,MP,BA,A,F,ability.smoke_screen;ability.precision_strike;ability.paratrooper_reinforcements;ability.supply_drop,2,1,1,1,ScenarioPerFaction,Smoke:R1;Paratroopers:R2;Supply:R2;Strike:R3,false,Pending
S052,MP,BA,A,E,ability.smoke_screen;ability.precision_strike;ability.paratrooper_reinforcements;ability.supply_drop,2,1,1,1,ScenarioPerFaction,Smoke:R1;Paratroopers:R2;Supply:R2;Strike:R3,false,Pending
S053,MP,BA,C,F,ability.smoke_screen;ability.precision_strike;ability.paratrooper_reinforcements;ability.supply_drop,2,1,1,1,ScenarioPerFaction,Smoke:R1;Paratroopers:R2;Supply:R2;Strike:R3,false,Pending
S054,MP,BA,C,E,ability.smoke_screen;ability.precision_strike;ability.paratrooper_reinforcements;ability.supply_drop,2,1,1,1,ScenarioPerFaction,Smoke:R1;Paratroopers:R2;Supply:R2;Strike:R3,false,Pending
S055,MP,FC,G,F,ability.smoke_screen;ability.supply_drop,2,0,0,1,ScenarioPerFaction,Smoke:R1;Supply:R2,false,Pending
S056,MP,FC,G,E,ability.smoke_screen;ability.supply_drop,2,0,0,1,ScenarioPerFaction,Smoke:R1;Supply:R2,false,Pending
S057,MP,FC,A,F,ability.smoke_screen;ability.precision_strike;ability.paratrooper_reinforcements;ability.supply_drop,2,1,1,1,ScenarioPerFaction,Smoke:R1;Paratroopers:R2;Supply:R2;Strike:R3,false,Pending
S058,MP,FC,A,E,ability.smoke_screen;ability.precision_strike;ability.paratrooper_reinforcements;ability.supply_drop,2,1,1,1,ScenarioPerFaction,Smoke:R1;Paratroopers:R2;Supply:R2;Strike:R3,false,Pending
S059,MP,FC,C,F,ability.smoke_screen;ability.precision_strike;ability.paratrooper_reinforcements;ability.supply_drop,2,1,1,1,ScenarioPerFaction,Smoke:R1;Paratroopers:R2;Supply:R2;Strike:R3,false,Pending
S060,MP,FC,C,E,ability.smoke_screen;ability.precision_strike;ability.paratrooper_reinforcements;ability.supply_drop,2,1,1,1,ScenarioPerFaction,Smoke:R1;Paratroopers:R2;Supply:R2;Strike:R3,false,Pending
S061,MP,BT,G,F,ability.smoke_screen;ability.supply_drop,2,0,0,1,ScenarioPerFaction,Smoke:R1;Supply:R2,false,Pending
S062,MP,BT,G,E,ability.smoke_screen;ability.supply_drop,2,0,0,1,ScenarioPerFaction,Smoke:R1;Supply:R2,false,Pending
S063,MP,BT,A,F,ability.smoke_screen;ability.precision_strike;ability.paratrooper_reinforcements;ability.supply_drop,2,1,1,1,ScenarioPerFaction,Smoke:R1;Paratroopers:R2;Supply:R2;Strike:R3,false,Pending
S064,MP,BT,A,E,ability.smoke_screen;ability.precision_strike;ability.paratrooper_reinforcements;ability.supply_drop,2,1,1,1,ScenarioPerFaction,Smoke:R1;Paratroopers:R2;Supply:R2;Strike:R3,false,Pending
S065,MP,BT,C,F,ability.smoke_screen;ability.precision_strike;ability.paratrooper_reinforcements;ability.supply_drop,2,1,1,1,ScenarioPerFaction,Smoke:R1;Paratroopers:R2;Supply:R2;Strike:R3,false,Pending
S066,MP,BT,C,E,ability.smoke_screen;ability.precision_strike;ability.paratrooper_reinforcements;ability.supply_drop,2,1,1,1,ScenarioPerFaction,Smoke:R1;Paratroopers:R2;Supply:R2;Strike:R3,false,Pending
S067,MP,CE,G,F,ability.smoke_screen;ability.supply_drop,2,0,0,1,ScenarioPerFaction,Smoke:R1;Supply:R2,false,Pending
S068,MP,CE,G,E,ability.smoke_screen;ability.supply_drop,2,0,0,1,ScenarioPerFaction,Smoke:R1;Supply:R2,false,Pending
S069,MP,CE,A,F,ability.smoke_screen;ability.precision_strike;ability.paratrooper_reinforcements;ability.supply_drop,2,1,1,1,ScenarioPerFaction,Smoke:R1;Paratroopers:R2;Supply:R2;Strike:R3,false,Pending
S070,MP,CE,A,E,ability.smoke_screen;ability.precision_strike;ability.paratrooper_reinforcements;ability.supply_drop,2,1,1,1,ScenarioPerFaction,Smoke:R1;Paratroopers:R2;Supply:R2;Strike:R3,false,Pending
S071,MP,CE,C,F,ability.smoke_screen;ability.precision_strike;ability.paratrooper_reinforcements;ability.supply_drop,2,1,1,1,ScenarioPerFaction,Smoke:R1;Paratroopers:R2;Supply:R2;Strike:R3,false,Pending
S072,MP,CE,C,E,ability.smoke_screen;ability.precision_strike;ability.paratrooper_reinforcements;ability.supply_drop,2,1,1,1,ScenarioPerFaction,Smoke:R1;Paratroopers:R2;Supply:R2;Strike:R3,false,Pending
S073,IB,BA,G,F,ability.smoke_screen;ability.supply_drop,2,0,0,1,ScenarioPerFaction,Smoke:R1;Supply:R2,false,Pending
S074,IB,BA,G,E,ability.smoke_screen;ability.supply_drop,2,0,0,1,ScenarioPerFaction,Smoke:R1;Supply:R2,false,Pending
S075,IB,BA,A,F,ability.smoke_screen;ability.precision_strike;ability.paratrooper_reinforcements;ability.supply_drop,2,1,1,1,ScenarioPerFaction,Smoke:R1;Paratroopers:R2;Supply:R2;Strike:R3,false,Pending
S076,IB,BA,A,E,ability.smoke_screen;ability.precision_strike;ability.paratrooper_reinforcements;ability.supply_drop,2,1,1,1,ScenarioPerFaction,Smoke:R1;Paratroopers:R2;Supply:R2;Strike:R3,false,Pending
S077,IB,BA,C,F,ability.smoke_screen;ability.precision_strike;ability.paratrooper_reinforcements;ability.supply_drop,2,1,1,1,ScenarioPerFaction,Smoke:R1;Paratroopers:R2;Supply:R2;Strike:R3,false,Pending
S078,IB,BA,C,E,ability.smoke_screen;ability.precision_strike;ability.paratrooper_reinforcements;ability.supply_drop,2,1,1,1,ScenarioPerFaction,Smoke:R1;Paratroopers:R2;Supply:R2;Strike:R3,false,Pending
S079,IB,FC,G,F,ability.smoke_screen;ability.supply_drop,2,0,0,1,ScenarioPerFaction,Smoke:R1;Supply:R2,false,Pending
S080,IB,FC,G,E,ability.smoke_screen;ability.supply_drop,2,0,0,1,ScenarioPerFaction,Smoke:R1;Supply:R2,false,Pending
S081,IB,FC,A,F,ability.smoke_screen;ability.precision_strike;ability.paratrooper_reinforcements;ability.supply_drop,2,1,1,1,ScenarioPerFaction,Smoke:R1;Paratroopers:R2;Supply:R2;Strike:R3,false,Pending
S082,IB,FC,A,E,ability.smoke_screen;ability.precision_strike;ability.paratrooper_reinforcements;ability.supply_drop,2,1,1,1,ScenarioPerFaction,Smoke:R1;Paratroopers:R2;Supply:R2;Strike:R3,false,Pending
S083,IB,FC,C,F,ability.smoke_screen;ability.precision_strike;ability.paratrooper_reinforcements;ability.supply_drop,2,1,1,1,ScenarioPerFaction,Smoke:R1;Paratroopers:R2;Supply:R2;Strike:R3,false,Pending
S084,IB,FC,C,E,ability.smoke_screen;ability.precision_strike;ability.paratrooper_reinforcements;ability.supply_drop,2,1,1,1,ScenarioPerFaction,Smoke:R1;Paratroopers:R2;Supply:R2;Strike:R3,false,Pending
S085,IB,BT,G,F,ability.smoke_screen;ability.supply_drop,2,0,0,1,ScenarioPerFaction,Smoke:R1;Supply:R2,false,Pending
S086,IB,BT,G,E,ability.smoke_screen;ability.supply_drop,2,0,0,1,ScenarioPerFaction,Smoke:R1;Supply:R2,false,Pending
S087,IB,BT,A,F,ability.smoke_screen;ability.precision_strike;ability.paratrooper_reinforcements;ability.supply_drop,2,1,1,1,ScenarioPerFaction,Smoke:R1;Paratroopers:R2;Supply:R2;Strike:R3,false,Pending
S088,IB,BT,A,E,ability.smoke_screen;ability.precision_strike;ability.paratrooper_reinforcements;ability.supply_drop,2,1,1,1,ScenarioPerFaction,Smoke:R1;Paratroopers:R2;Supply:R2;Strike:R3,false,Pending
S089,IB,BT,C,F,ability.smoke_screen;ability.precision_strike;ability.paratrooper_reinforcements;ability.supply_drop,2,1,1,1,ScenarioPerFaction,Smoke:R1;Paratroopers:R2;Supply:R2;Strike:R3,false,Pending
S090,IB,BT,C,E,ability.smoke_screen;ability.precision_strike;ability.paratrooper_reinforcements;ability.supply_drop,2,1,1,1,ScenarioPerFaction,Smoke:R1;Paratroopers:R2;Supply:R2;Strike:R3,false,Pending
S091,IB,CE,G,F,ability.smoke_screen;ability.supply_drop,2,0,0,1,ScenarioPerFaction,Smoke:R1;Supply:R2,false,Pending
S092,IB,CE,G,E,ability.smoke_screen;ability.supply_drop,2,0,0,1,ScenarioPerFaction,Smoke:R1;Supply:R2,false,Pending
S093,IB,CE,A,F,ability.smoke_screen;ability.precision_strike;ability.paratrooper_reinforcements;ability.supply_drop,2,1,1,1,ScenarioPerFaction,Smoke:R1;Paratroopers:R2;Supply:R2;Strike:R3,false,Pending
S094,IB,CE,A,E,ability.smoke_screen;ability.precision_strike;ability.paratrooper_reinforcements;ability.supply_drop,2,1,1,1,ScenarioPerFaction,Smoke:R1;Paratroopers:R2;Supply:R2;Strike:R3,false,Pending
S095,IB,CE,C,F,ability.smoke_screen;ability.precision_strike;ability.paratrooper_reinforcements;ability.supply_drop,2,1,1,1,ScenarioPerFaction,Smoke:R1;Paratroopers:R2;Supply:R2;Strike:R3,false,Pending
S096,IB,CE,C,E,ability.smoke_screen;ability.precision_strike;ability.paratrooper_reinforcements;ability.supply_drop,2,1,1,1,ScenarioPerFaction,Smoke:R1;Paratroopers:R2;Supply:R2;Strike:R3,false,Pending
S097,AP,BA,G,F,ability.smoke_screen;ability.supply_drop,2,0,0,1,ScenarioPerFaction,Smoke:R1;Supply:R2,false,Pending
S098,AP,BA,G,E,ability.smoke_screen;ability.supply_drop,2,0,0,1,ScenarioPerFaction,Smoke:R1;Supply:R2,false,Pending
S099,AP,BA,A,F,ability.smoke_screen;ability.precision_strike;ability.paratrooper_reinforcements;ability.supply_drop,2,1,1,1,ScenarioPerFaction,Smoke:R1;Paratroopers:R2;Supply:R2;Strike:R3,false,Pending
S100,AP,BA,A,E,ability.smoke_screen;ability.precision_strike;ability.paratrooper_reinforcements;ability.supply_drop,2,1,1,1,ScenarioPerFaction,Smoke:R1;Paratroopers:R2;Supply:R2;Strike:R3,false,Pending
S101,AP,BA,C,F,ability.smoke_screen;ability.precision_strike;ability.paratrooper_reinforcements;ability.supply_drop,2,1,1,1,ScenarioPerFaction,Smoke:R1;Paratroopers:R2;Supply:R2;Strike:R3,false,Pending
S102,AP,BA,C,E,ability.smoke_screen;ability.precision_strike;ability.paratrooper_reinforcements;ability.supply_drop,2,1,1,1,ScenarioPerFaction,Smoke:R1;Paratroopers:R2;Supply:R2;Strike:R3,false,Pending
S103,AP,FC,G,F,ability.smoke_screen;ability.supply_drop,2,0,0,1,ScenarioPerFaction,Smoke:R1;Supply:R2,false,Pending
S104,AP,FC,G,E,ability.smoke_screen;ability.supply_drop,2,0,0,1,ScenarioPerFaction,Smoke:R1;Supply:R2,false,Pending
S105,AP,FC,A,F,ability.smoke_screen;ability.precision_strike;ability.paratrooper_reinforcements;ability.supply_drop,2,1,1,1,ScenarioPerFaction,Smoke:R1;Paratroopers:R2;Supply:R2;Strike:R3,false,Pending
S106,AP,FC,A,E,ability.smoke_screen;ability.precision_strike;ability.paratrooper_reinforcements;ability.supply_drop,2,1,1,1,ScenarioPerFaction,Smoke:R1;Paratroopers:R2;Supply:R2;Strike:R3,false,Pending
S107,AP,FC,C,F,ability.smoke_screen;ability.precision_strike;ability.paratrooper_reinforcements;ability.supply_drop,2,1,1,1,ScenarioPerFaction,Smoke:R1;Paratroopers:R2;Supply:R2;Strike:R3,false,Pending
S108,AP,FC,C,E,ability.smoke_screen;ability.precision_strike;ability.paratrooper_reinforcements;ability.supply_drop,2,1,1,1,ScenarioPerFaction,Smoke:R1;Paratroopers:R2;Supply:R2;Strike:R3,false,Pending
S109,AP,BT,G,F,ability.smoke_screen;ability.supply_drop,2,0,0,1,ScenarioPerFaction,Smoke:R1;Supply:R2,false,Pending
S110,AP,BT,G,E,ability.smoke_screen;ability.supply_drop,2,0,0,1,ScenarioPerFaction,Smoke:R1;Supply:R2,false,Pending
S111,AP,BT,A,F,ability.smoke_screen;ability.precision_strike;ability.paratrooper_reinforcements;ability.supply_drop,2,1,1,1,ScenarioPerFaction,Smoke:R1;Paratroopers:R2;Supply:R2;Strike:R3,false,Pending
S112,AP,BT,A,E,ability.smoke_screen;ability.precision_strike;ability.paratrooper_reinforcements;ability.supply_drop,2,1,1,1,ScenarioPerFaction,Smoke:R1;Paratroopers:R2;Supply:R2;Strike:R3,false,Pending
S113,AP,BT,C,F,ability.smoke_screen;ability.precision_strike;ability.paratrooper_reinforcements;ability.supply_drop,2,1,1,1,ScenarioPerFaction,Smoke:R1;Paratroopers:R2;Supply:R2;Strike:R3,false,Pending
S114,AP,BT,C,E,ability.smoke_screen;ability.precision_strike;ability.paratrooper_reinforcements;ability.supply_drop,2,1,1,1,ScenarioPerFaction,Smoke:R1;Paratroopers:R2;Supply:R2;Strike:R3,false,Pending
S115,AP,CE,G,F,ability.smoke_screen;ability.supply_drop,2,0,0,1,ScenarioPerFaction,Smoke:R1;Supply:R2,false,Pending
S116,AP,CE,G,E,ability.smoke_screen;ability.supply_drop,2,0,0,1,ScenarioPerFaction,Smoke:R1;Supply:R2,false,Pending
S117,AP,CE,A,F,ability.smoke_screen;ability.precision_strike;ability.paratrooper_reinforcements;ability.supply_drop,2,1,1,1,ScenarioPerFaction,Smoke:R1;Paratroopers:R2;Supply:R2;Strike:R3,false,Pending
S118,AP,CE,A,E,ability.smoke_screen;ability.precision_strike;ability.paratrooper_reinforcements;ability.supply_drop,2,1,1,1,ScenarioPerFaction,Smoke:R1;Paratroopers:R2;Supply:R2;Strike:R3,false,Pending
S119,AP,CE,C,F,ability.smoke_screen;ability.precision_strike;ability.paratrooper_reinforcements;ability.supply_drop,2,1,1,1,ScenarioPerFaction,Smoke:R1;Paratroopers:R2;Supply:R2;Strike:R3,false,Pending
S120,AP,CE,C,E,ability.smoke_screen;ability.precision_strike;ability.paratrooper_reinforcements;ability.supply_drop,2,1,1,1,ScenarioPerFaction,Smoke:R1;Paratroopers:R2;Supply:R2;Strike:R3,false,Pending
