Assets/AddressableAssetsData/.DS_Store	a36957826a3857ee93bf15d1120c6d8c3826aa66fe1c0d86cdb866b956bdfd47
Assets/AddressableAssetsData/AddressableAssetSettings.asset	31884304446c54bde726aa8bfef263005bfaacd58d43723082171222df43acc2
Assets/AddressableAssetsData/AddressableAssetSettings.asset.meta	69ddd638b3093aec2ede1c2d1f6584163ff3eaae7f03da71776ec92440213ead
Assets/AddressableAssetsData/Android.meta	4579e0d2cb733b5f51f5c7fd3527f2f87a757fdbf140bebb6b6fd4b4cc9f093c
Assets/AddressableAssetsData/Android/addressables_content_state.bin	1598f9702a9bb270372b4f49f8695d211d7d8eac4969798a5b63e20c8b58ea23
Assets/AddressableAssetsData/Android/addressables_content_state.bin.meta	68e57f246970de1df9632a4537e8265ebbe8994e7d157861fda47bd25dc438d4
Assets/AddressableAssetsData/AssetGroupTemplates.meta	46bc927d1f3df2ee80910942c4776b02305cb303b1946663f60e5ce738bc6384
Assets/AddressableAssetsData/AssetGroupTemplates/Packed Assets.asset	38ff5691b599b040eae6d7425be7884e34fbc230711dd0050e53be38546d36fd
Assets/AddressableAssetsData/AssetGroupTemplates/Packed Assets.asset.meta	a501811a21a5cdeadce5df6f10a1c29da08544afdb8c86fb600d319629d5a3be
Assets/AddressableAssetsData/AssetGroups.meta	331d0a465bc7ecd71969c314459be4146ba40ac7faef9906faaf4a8593347b97
Assets/AddressableAssetsData/AssetGroups/Air Corridor Narrative.asset	8d14f00336cfaddcd4eb0cc16364b9ec0d4ff1326c1a00630e40dc853d8881ec
Assets/AddressableAssetsData/AssetGroups/Air Corridor Narrative.asset.meta	d96d2f4e408b1a760b7bd1fa2d4b2303f4c95b492a51112d7d651d1990a2e2f8
Assets/AddressableAssetsData/AssetGroups/Default Local Group.asset	63091eabf30669c4e586d1e1f9601853dc7837d30ed46c55d5c35ec8023ffaa6
Assets/AddressableAssetsData/AssetGroups/Default Local Group.asset.meta	968f0ec30be46829452b00d86a4d02926fc9da6135feaf874f9c8b18282f0cb2
Assets/AddressableAssetsData/AssetGroups/Duplicate Asset Isolation.asset	8f00f0562a17091c3f13271b46772b7ac6ecdb27f2831e95f495dcec8103084a
Assets/AddressableAssetsData/AssetGroups/Duplicate Asset Isolation.asset.meta	74cd610e142fed60146f2bd97cf534bf18582759684e810500311c575bd4b641
Assets/AddressableAssetsData/AssetGroups/Evidence Chain Narrative.asset	58bb1948d14231085ff8476c2ea1dabec8db33f3bc144ec2c429767f409ff695
Assets/AddressableAssetsData/AssetGroups/Evidence Chain Narrative.asset.meta	27fe352245416b0746468315b22798bea4e9bfed60cb20461a724e8ef2c3897d
Assets/AddressableAssetsData/AssetGroups/False Front Narrative.asset	56a346b42846e2032c7fb04245fd0883a29f15c1ee1b9cc4ee881bb33443d4d3
Assets/AddressableAssetsData/AssetGroups/False Front Narrative.asset.meta	e016f4015324c861a97fb6c615b72236953c6d3ab58a4cd3785463aeb131d062
Assets/AddressableAssetsData/AssetGroups/FirstLaunch Narrative Panels.asset	32b414d60257357a667812d9630b6e89bf37e458a0a22c55b216dbb9bcc60c31
Assets/AddressableAssetsData/AssetGroups/FirstLaunch Narrative Panels.asset.meta	7a814a09f36caff234f3ded5f821fd2fb30770e1e78210b54405f6884b87fd11
Assets/AddressableAssetsData/AssetGroups/Gridlock Narrative.asset	303bb17fade4dce0b2002897771ed904155fb1a7da9a3b512c926c8a8a4aa38e
Assets/AddressableAssetsData/AssetGroups/Gridlock Narrative.asset.meta	318e543ee2c73026da62a2704972046fe7065da21c797482b8250964760da209
Assets/AddressableAssetsData/AssetGroups/M03 Field Guide.asset	193f8f693ad74417c91a4206987ff1d9f1161ffe2dac2408c22851c6e1b232d2
Assets/AddressableAssetsData/AssetGroups/M03 Field Guide.asset.meta	d9902951ebe84516593992f8e349db9d68ab729a4582fc8097707c3406ed9002
Assets/AddressableAssetsData/AssetGroups/M03 Narrative.asset	40f652859578ca6de9288a9f0a99a5be0b48946b67dec1c41ccb49e56024a3db
Assets/AddressableAssetsData/AssetGroups/M03 Narrative.asset.meta	a1d2dff635ea97cd6ae1e6862c226dae0fa91479187949751fa825dc1357a85d
Assets/AddressableAssetsData/AssetGroups/M04 Narrative.asset	5c4c3f6d2fd1fa7244d112bd1b7e66e110c6c28d49e0adbffdf623a88d86a472
Assets/AddressableAssetsData/AssetGroups/M04 Narrative.asset.meta	a0438a67d83fb6ffa5cc94fe0205167c8ba8f41ad1d1aacaa4bbdc972c1f31eb
Assets/AddressableAssetsData/AssetGroups/M05 Narrative.asset	7f35ebb6b5cf3005b7214394ec67e74ca7835c75893be474c2fa68ca371d65b7
Assets/AddressableAssetsData/AssetGroups/M05 Narrative.asset.meta	8ee75524bc6d93aea94b55d6aaeab931814544e1c4cb46096c0a2bdbe33fba50
Assets/AddressableAssetsData/AssetGroups/Market Lifeline Narrative.asset	441f59e0eba92ad4ca2efb753fc8e3ba2cbe3df20d3dd2b0d0469c815371d25c
Assets/AddressableAssetsData/AssetGroups/Market Lifeline Narrative.asset.meta	c805110fe5e1de77c4fd475638328e69eb22ffca6168f9a3abe03d01e353a82a
Assets/AddressableAssetsData/AssetGroups/Network Break Narrative.asset	7732dadbb740325e4eecad2d7016426d7ebb957faa8c5d4a0a2a03de18ba7bb1
Assets/AddressableAssetsData/AssetGroups/Network Break Narrative.asset.meta	a1d16017274d1b8810daa7016837e177fc260c9038a04633228f53424b1bd30d
Assets/AddressableAssetsData/AssetGroups/Operation Map - Local - skirmish-desert-base-01 - Core.asset	f4a76bea84b721aa0ce01557d322214d3607a11eefa429e694b45cbebdf97cd5
Assets/AddressableAssetsData/AssetGroups/Operation Map - Local - skirmish-desert-base-01 - Core.asset.meta	b3ae8666cfc012d3744f25d875e49e23e93d4cc5d52272b1dc346bdaafe7205b
Assets/AddressableAssetsData/AssetGroups/Operation Map - Local - skirmish-desert-base-01 - Presentation.asset	d64a3d48c56db33b06493614d0b4353029f1c6b83942cffebe308b0982a65548
Assets/AddressableAssetsData/AssetGroups/Operation Map - Local - skirmish-desert-base-01 - Presentation.asset.meta	09cb41361339b87cfcb7958f03ee2097c7b9d55187a25e6fcc2104aa8599c9e6
Assets/AddressableAssetsData/AssetGroups/Operation Maps - Catalog.asset	26638d49430819518412dac2a076e2ce974a95cee0ac813f99dd88c4849b9160
Assets/AddressableAssetsData/AssetGroups/Operation Maps - Catalog.asset.meta	301d37348a69ca740be9b770b4b1b17e7ff30d7317d9c3f782f56ee9b3e3e890
Assets/AddressableAssetsData/AssetGroups/Operation Maps - Shared.asset	3a8d4e99f3e8bbb608e418b6d2756947c9f4ff4cf4455b401ff4d865b2ca06a0
Assets/AddressableAssetsData/AssetGroups/Operation Maps - Shared.asset.meta	e4c1f157bc98181a109ec3aaab51605fb38896d844f32eab8b9a5ade2a7908c6
Assets/AddressableAssetsData/AssetGroups/Power Relay Narrative.asset	79f8974cccd4926fd7f775b554324dc8928cead46951f1e26599472749e572d9
Assets/AddressableAssetsData/AssetGroups/Power Relay Narrative.asset.meta	d99f24276414ce7e1d2598687ee6308dc9577e9ebf44acc0626b4f67b9c32d62
Assets/AddressableAssetsData/AssetGroups/Route Reopened Narrative.asset	f216f25b450a236134b5119c13b502eca94b4f6c4ee07edbe33cc7b66e491c9e
Assets/AddressableAssetsData/AssetGroups/Route Reopened Narrative.asset.meta	f440990ec8453cb0e896ad228d5af3932c4fe2cd078b05f2520f9942307880c9
Assets/AddressableAssetsData/AssetGroups/Safehouse Sweep Narrative.asset	c538222b50db8ba222053f5cb6e85cb66c274d8d193deb3fd2a4085fcbc730a3
Assets/AddressableAssetsData/AssetGroups/Safehouse Sweep Narrative.asset.meta	779e3159e628d8cdd33298053e83ad81f6303768482f8458e7589dea7a651365
Assets/AddressableAssetsData/AssetGroups/Schemas.meta	339ecb68481c2be836145ecf44b756ba04b7448180b3dbf465ebaa37884c4e89
Assets/AddressableAssetsData/AssetGroups/Schemas/Air Corridor Narrative_BundledAssetGroupSchema.asset	c7ac148402984f397ee795f0951c550c93bcba188022644e11aea5321c667089
Assets/AddressableAssetsData/AssetGroups/Schemas/Air Corridor Narrative_BundledAssetGroupSchema.asset.meta	d241945f3d3b40d8a581a20e5bddfd70ac1c0a1f83083019af4442087e05ec79
Assets/AddressableAssetsData/AssetGroups/Schemas/Air Corridor Narrative_ContentUpdateGroupSchema.asset	c02b5abbc15a77b86f04bf14b1f01fb123ad3e1271aa90327242ccaafd7dee49
Assets/AddressableAssetsData/AssetGroups/Schemas/Air Corridor Narrative_ContentUpdateGroupSchema.asset.meta	ac5773a55712260f3c8e3d3c490acd50f7827cca7884fc4ab340a64b1b0446e6
Assets/AddressableAssetsData/AssetGroups/Schemas/Default Local Group_BundledAssetGroupSchema.asset	7164593467973509c19fe7d9b88dd41e6b0d341bf79d95369923294a872c48de
Assets/AddressableAssetsData/AssetGroups/Schemas/Default Local Group_BundledAssetGroupSchema.asset.meta	d1f3debd979ff18825ae1dd285b7d79a934b401f5cd45d3c24a3f4c62a962412
Assets/AddressableAssetsData/AssetGroups/Schemas/Default Local Group_ContentUpdateGroupSchema.asset	d008bff282bb428157ee72f8b6a53afc0f50770adc7441143acb026cde687200
Assets/AddressableAssetsData/AssetGroups/Schemas/Default Local Group_ContentUpdateGroupSchema.asset.meta	ab24c45d9ab085312f2c6ca7057ccc0895387a62b8776070e62003a8b98a8868
Assets/AddressableAssetsData/AssetGroups/Schemas/Duplicate Asset Isolation_BundledAssetGroupSchema.asset	e0d1f3c5335554bc689c98fe9d51dc1d601a85a60f7538a3f27bd5110e644e5a
Assets/AddressableAssetsData/AssetGroups/Schemas/Duplicate Asset Isolation_BundledAssetGroupSchema.asset.meta	6691bf55eab07664e5a764cd9bac4fb11fa387ed34f9bd291cdb7580c3b08d28
Assets/AddressableAssetsData/AssetGroups/Schemas/Duplicate Asset Isolation_ContentUpdateGroupSchema.asset	2d5e34c2534ae34a736f662433adf0081908fe9d5cab7985891330ad1ebadcc0
Assets/AddressableAssetsData/AssetGroups/Schemas/Duplicate Asset Isolation_ContentUpdateGroupSchema.asset.meta	77fb3d7223591b72af1b99a2e0fa660d870309e35a4de03e99c04f2dd75bede0
Assets/AddressableAssetsData/AssetGroups/Schemas/Evidence Chain Narrative_BundledAssetGroupSchema.asset	a9a7dfade14aedcc86cdca806b85a70ace0e2247b8c4c00f13ffb62c96eb8a47
Assets/AddressableAssetsData/AssetGroups/Schemas/Evidence Chain Narrative_BundledAssetGroupSchema.asset.meta	175c626cdd993a46254d86e0af818ae6be6e1fdcb3bfc7c0415883f7ebf1eb5f
Assets/AddressableAssetsData/AssetGroups/Schemas/Evidence Chain Narrative_ContentUpdateGroupSchema.asset	3fa597adb54952acae2341ac178e2e99aee14875f5860be2ccca7c032e64189c
Assets/AddressableAssetsData/AssetGroups/Schemas/Evidence Chain Narrative_ContentUpdateGroupSchema.asset.meta	6aa5fdffe6e839c4bb4d5fc2871794e5d3063df27e2324bd36f9d3fa675e5982
Assets/AddressableAssetsData/AssetGroups/Schemas/False Front Narrative_BundledAssetGroupSchema.asset	b835db51c85bb7538ebdb7f133874c7ff09b90f3ab975fc893e7df8fcf162726
Assets/AddressableAssetsData/AssetGroups/Schemas/False Front Narrative_BundledAssetGroupSchema.asset.meta	487b1f916904c0cb24ae6bbb1ccc0ef6335bfa35ea46b687e14b82cbb2196b9f
Assets/AddressableAssetsData/AssetGroups/Schemas/False Front Narrative_ContentUpdateGroupSchema.asset	8649e8a0ce975f301b6bf6b2b923eb061079ac4979f2130c525ff7266187fe32
Assets/AddressableAssetsData/AssetGroups/Schemas/False Front Narrative_ContentUpdateGroupSchema.asset.meta	7a5333834986e4e75fb39a5a2d7964673eba14fd24ea84f1a525acd5063448a0
Assets/AddressableAssetsData/AssetGroups/Schemas/FirstLaunch Narrative Panels_BundledAssetGroupSchema.asset	56042fb2872e91940b8953bbc05bddcf1ead841c50f88780a1287cbd1ffc1f56
Assets/AddressableAssetsData/AssetGroups/Schemas/FirstLaunch Narrative Panels_BundledAssetGroupSchema.asset.meta	45988441c392044808ee8c5b7c5a46451b39a1a2ad2c3ede76c213619ac0619c
Assets/AddressableAssetsData/AssetGroups/Schemas/FirstLaunch Narrative Panels_ContentUpdateGroupSchema.asset	3bfe7bf2fcdbe466998fbed76f33433648673f75328f004fe90bfd5c41604924
Assets/AddressableAssetsData/AssetGroups/Schemas/FirstLaunch Narrative Panels_ContentUpdateGroupSchema.asset.meta	7d18a7ce423b653edc8c54e4f3aded927f525440b073b5056cb0ee5dc3931553
Assets/AddressableAssetsData/AssetGroups/Schemas/Gridlock Narrative_BundledAssetGroupSchema.asset	8c24bb61c678028f64d419894113c1f0dad10bca721d91e56cbab386ba13f912
Assets/AddressableAssetsData/AssetGroups/Schemas/Gridlock Narrative_BundledAssetGroupSchema.asset.meta	527b0d833066bd8e5c1b229df5d04cdd49dcd8dd7f3a8e177014f9b78b8793f7
Assets/AddressableAssetsData/AssetGroups/Schemas/Gridlock Narrative_ContentUpdateGroupSchema.asset	fc83df8602678ad1b50647a29995456154e81006f590ff2bf1f95b7b81504dc1
Assets/AddressableAssetsData/AssetGroups/Schemas/Gridlock Narrative_ContentUpdateGroupSchema.asset.meta	e44b6b94b03bcfa728b1a509e59bd553915352df402f9ede055570463aed1b2c
Assets/AddressableAssetsData/AssetGroups/Schemas/M03 Field Guide_BundledAssetGroupSchema.asset	bbd8fa7425e966967eac32a99deec335d79ab86be962490835f3c6d95d3bd88f
Assets/AddressableAssetsData/AssetGroups/Schemas/M03 Field Guide_BundledAssetGroupSchema.asset.meta	4de53a9ac8a769cc00309835e3ee0d5e2755818a6355896f6beec9e8b3d5a553
Assets/AddressableAssetsData/AssetGroups/Schemas/M03 Field Guide_ContentUpdateGroupSchema.asset	7baf4fc4fb5d28ab0e2eed9c1ae9bae585cb652045d914942cc7496b6d012d82
Assets/AddressableAssetsData/AssetGroups/Schemas/M03 Field Guide_ContentUpdateGroupSchema.asset.meta	84ba7548e6aab788d67a797722f71f624b79379438848cb98d86fd270957da65
Assets/AddressableAssetsData/AssetGroups/Schemas/M03 Narrative_BundledAssetGroupSchema.asset	c7873ee0c1d4bfa92bbd36a6669c68e3a2499cf39d5cf410cd0e2c00fe9abeb5
Assets/AddressableAssetsData/AssetGroups/Schemas/M03 Narrative_BundledAssetGroupSchema.asset.meta	c431fd223002211d7db595af6f75fc057292f87b5629c3f9d5106eb7f2c126da
Assets/AddressableAssetsData/AssetGroups/Schemas/M03 Narrative_ContentUpdateGroupSchema.asset	fc073145308bd247a05a2f07b4ed7dcc723e780a9b6c0a403f7e7f7341a9b16f
Assets/AddressableAssetsData/AssetGroups/Schemas/M03 Narrative_ContentUpdateGroupSchema.asset.meta	e96ea739b6368feff02334963c5c3a68c22442ccc328fd59513abd155e767b4b
Assets/AddressableAssetsData/AssetGroups/Schemas/M04 Narrative_BundledAssetGroupSchema.asset	73ac7275b1341a4d5ab1db4f472a38a30da7df8ca5157262cb32b1d4c8bec01c
Assets/AddressableAssetsData/AssetGroups/Schemas/M04 Narrative_BundledAssetGroupSchema.asset.meta	86a4968668c75158a6b772952ccbce4c78a090562ac227fc5a6640f554295633
Assets/AddressableAssetsData/AssetGroups/Schemas/M04 Narrative_ContentUpdateGroupSchema.asset	abec65b6328053968d1693faf5af2c537d46b5bac2516f20e9d73575bfa994a2
Assets/AddressableAssetsData/AssetGroups/Schemas/M04 Narrative_ContentUpdateGroupSchema.asset.meta	fac434265d4f11f2f68d9f2d013c483e7b5c5f88a33f20fc94fc4e23f1c7de5c
Assets/AddressableAssetsData/AssetGroups/Schemas/M05 Narrative_BundledAssetGroupSchema.asset	a2d4eeb50d343ad31a2d785a134d404f621493ac09e94ae4401470b98f24e3d3
Assets/AddressableAssetsData/AssetGroups/Schemas/M05 Narrative_BundledAssetGroupSchema.asset.meta	a69b988952c64c59632683aaad8508713d724448a77aa65258011d9966ba8ecd
Assets/AddressableAssetsData/AssetGroups/Schemas/M05 Narrative_ContentUpdateGroupSchema.asset	76fb5da84a2392fcc7288abee7db8146d7df6bfc8043141555b82f92bd9f01c0
Assets/AddressableAssetsData/AssetGroups/Schemas/M05 Narrative_ContentUpdateGroupSchema.asset.meta	c6f32d9d1bf45c41d78579fd7c1be750404f51d8170dfc0e4fb584bad8342a6a
Assets/AddressableAssetsData/AssetGroups/Schemas/Market Lifeline Narrative_BundledAssetGroupSchema.asset	5ae9cbb026f690acbf08973612d53fba3626a03becf0de79656ae2eb5c49655f
Assets/AddressableAssetsData/AssetGroups/Schemas/Market Lifeline Narrative_BundledAssetGroupSchema.asset.meta	e17948e4f2ed05ad38676527493c13c6baeece514b9248d9cb93f3c5585a840d
Assets/AddressableAssetsData/AssetGroups/Schemas/Market Lifeline Narrative_ContentUpdateGroupSchema.asset	8a1c79ba13b3e0af1525c80b0170b351ac5ccc860345495aa1942b4f24ce250b
Assets/AddressableAssetsData/AssetGroups/Schemas/Market Lifeline Narrative_ContentUpdateGroupSchema.asset.meta	f15df6c27204f9459e7e623bfc167327251a8ba8c6625deae985e3e4585080fc
Assets/AddressableAssetsData/AssetGroups/Schemas/Network Break Narrative_BundledAssetGroupSchema.asset	57dd289665a81771f02de921b998115b95c02c391bb8a6f76d8c71ed98b21904
Assets/AddressableAssetsData/AssetGroups/Schemas/Network Break Narrative_BundledAssetGroupSchema.asset.meta	669d6534a88dcac252f141a08b4f469efd5b08282819201f187a7c41e98e5828
Assets/AddressableAssetsData/AssetGroups/Schemas/Network Break Narrative_ContentUpdateGroupSchema.asset	3180ca0382a3167bdf6950620325ebe70e6a0360c6c8b5ae0fd397271fc00844
Assets/AddressableAssetsData/AssetGroups/Schemas/Network Break Narrative_ContentUpdateGroupSchema.asset.meta	513c98cda3fb50add4b8b79fcbe384a93adff2623469c8bda59f9effbb19b724
Assets/AddressableAssetsData/AssetGroups/Schemas/Operation Map - Local - skirmish-desert-base-01 - Core_BundledAssetGroupSchema.asset	820e508765578b5ff4c5fd82662225e4114352d833ad413d3bcff4cc2031f254
Assets/AddressableAssetsData/AssetGroups/Schemas/Operation Map - Local - skirmish-desert-base-01 - Core_BundledAssetGroupSchema.asset.meta	6419d33b7bff65ee99fa6cc490d8d6684be0801492e0b51a62290dd0cdfd3b3f
Assets/AddressableAssetsData/AssetGroups/Schemas/Operation Map - Local - skirmish-desert-base-01 - Core_ContentUpdateGroupSchema.asset	cbe05470e1cc27b4c82dc16bd2e586855a66656526370458c2a14fe4604caa21
Assets/AddressableAssetsData/AssetGroups/Schemas/Operation Map - Local - skirmish-desert-base-01 - Core_ContentUpdateGroupSchema.asset.meta	6a0c3d48ec30f6b34fb9b330220e765cabf85c3aeb938a6ed31c578a456dc8f2
Assets/AddressableAssetsData/AssetGroups/Schemas/Operation Map - Local - skirmish-desert-base-01 - Presentation_BundledAssetGroupSchema.asset	6732c454117c8f6b4dbf19c17c38cfa9b4a6e3d8afea9fb1a6852795d4715fd6
Assets/AddressableAssetsData/AssetGroups/Schemas/Operation Map - Local - skirmish-desert-base-01 - Presentation_BundledAssetGroupSchema.asset.meta	6351e22c5cb5693c84366c1321a74a1258d4ec801f05f5b206cfa1b997e27911
Assets/AddressableAssetsData/AssetGroups/Schemas/Operation Map - Local - skirmish-desert-base-01 - Presentation_ContentUpdateGroupSchema.asset	c9fbf816fe2f216499b1cb9bef7f73344a88db5d33533782eb4273473cfb935f
Assets/AddressableAssetsData/AssetGroups/Schemas/Operation Map - Local - skirmish-desert-base-01 - Presentation_ContentUpdateGroupSchema.asset.meta	0ba0e789e67ffb5b88eaed94bfedd05fff54c4f7a19675e04150afaf0c800f76
Assets/AddressableAssetsData/AssetGroups/Schemas/Operation Maps - Catalog_BundledAssetGroupSchema.asset	cc148ea01ae2cb7a91c82c9f6475e302672da509ca3bbb82234ea5bb3f870c74
Assets/AddressableAssetsData/AssetGroups/Schemas/Operation Maps - Catalog_BundledAssetGroupSchema.asset.meta	07278c1243ee0b5587682b6c42f7d9d7a8bbe7c959e031e7231e247d96094e08
Assets/AddressableAssetsData/AssetGroups/Schemas/Operation Maps - Catalog_ContentUpdateGroupSchema.asset	91d810c94107d43f3e3d830a9b18b8daaad48e4cdd26ebbb77ec70e3eddb0667
Assets/AddressableAssetsData/AssetGroups/Schemas/Operation Maps - Catalog_ContentUpdateGroupSchema.asset.meta	f8f67193b55441725daceab795a552c37df5d82a412ad0032ee10800f64a5524
Assets/AddressableAssetsData/AssetGroups/Schemas/Operation Maps - Shared_BundledAssetGroupSchema.asset	5338b556e9e3407cb2a7ff5fe0a3dfbb86239399587e3e30cf82ec081c3c2c0e
Assets/AddressableAssetsData/AssetGroups/Schemas/Operation Maps - Shared_BundledAssetGroupSchema.asset.meta	61fbd8437f117564b9e65db8ffd7f5932a225621b7e1a78a0f71111c91c03c13
Assets/AddressableAssetsData/AssetGroups/Schemas/Operation Maps - Shared_ContentUpdateGroupSchema.asset	45e50951874cc2f338e57e2d11d3382588790515254c9f4d220558714d87becc
Assets/AddressableAssetsData/AssetGroups/Schemas/Operation Maps - Shared_ContentUpdateGroupSchema.asset.meta	5bd2164dbb15ef5057f3eb7f738803cb5f055f264401802196af9212653ab2b3
Assets/AddressableAssetsData/AssetGroups/Schemas/Power Relay Narrative_BundledAssetGroupSchema.asset	ad0f20bce6d7f0dda804c619f8976d51f9efa66289daaddf32176615e59f28f6
Assets/AddressableAssetsData/AssetGroups/Schemas/Power Relay Narrative_BundledAssetGroupSchema.asset.meta	5fb07c19e316cbac4c17bc3abedcdb26c71df4925116fb0cf45af2b3ed5d192f
Assets/AddressableAssetsData/AssetGroups/Schemas/Power Relay Narrative_ContentUpdateGroupSchema.asset	dc237d73bf4e982e0d7ca58372acb222916010e658b0edc8cfd02e77e7f4180e
Assets/AddressableAssetsData/AssetGroups/Schemas/Power Relay Narrative_ContentUpdateGroupSchema.asset.meta	1558f526cdc001d89ee6cea784a5d8a6d64529f90980caab1761e6d04ac9df49
Assets/AddressableAssetsData/AssetGroups/Schemas/Route Reopened Narrative_BundledAssetGroupSchema.asset	fa754059544f6e4ab35a9a6a6e10fbeb2060ec8c97602fbf7794a0c594312463
Assets/AddressableAssetsData/AssetGroups/Schemas/Route Reopened Narrative_BundledAssetGroupSchema.asset.meta	4eb37de261383c4a01e1859d92ed2d236242920625eb154be5afbe136a32ddbc
Assets/AddressableAssetsData/AssetGroups/Schemas/Route Reopened Narrative_ContentUpdateGroupSchema.asset	dc5fbac5778c060d90c164c96ad1b6c71eb78cc1eb5e7bc98d28bee2456d904e
Assets/AddressableAssetsData/AssetGroups/Schemas/Route Reopened Narrative_ContentUpdateGroupSchema.asset.meta	d3b85bd51a6ae9faaef74db523e559023e1f8ae0615db7c23cf69b170f07ede8
Assets/AddressableAssetsData/AssetGroups/Schemas/Safehouse Sweep Narrative_BundledAssetGroupSchema.asset	49ba41438b7a9cefe6b0105d39b13cd8ba5278dbb5040403bdadf4a9cca1d80a
Assets/AddressableAssetsData/AssetGroups/Schemas/Safehouse Sweep Narrative_BundledAssetGroupSchema.asset.meta	38fcfb84e5a7c7c1c20302e00c050d0f9f4c5d20abc8c0df0f6fe1f0cd7e1b2c
Assets/AddressableAssetsData/AssetGroups/Schemas/Safehouse Sweep Narrative_ContentUpdateGroupSchema.asset	44508c9691759dc97c3b1856e9c2f1d30ba4b36edde90c4640c9fdee965a5afe
Assets/AddressableAssetsData/AssetGroups/Schemas/Safehouse Sweep Narrative_ContentUpdateGroupSchema.asset.meta	fe86f6f76ee0af36e951ead0812f4e7f78ed219bd1464be16b51ba522fc2f2ef
Assets/AddressableAssetsData/AssetGroups/Schemas/Signal Trace Narrative_BundledAssetGroupSchema.asset	d7e976f51a890d63995955c0b31efab28754358dabc576e9a999ec810060368e
Assets/AddressableAssetsData/AssetGroups/Schemas/Signal Trace Narrative_BundledAssetGroupSchema.asset.meta	34597ffac9ad70d2ec3c48206080cb7d55e8ae809eb44fa4a674da70865cab53
Assets/AddressableAssetsData/AssetGroups/Schemas/Signal Trace Narrative_ContentUpdateGroupSchema.asset	04a9cddc04aed94b87be5e9a559631e90cbd995a20f726463a81696d77cf4096
Assets/AddressableAssetsData/AssetGroups/Schemas/Signal Trace Narrative_ContentUpdateGroupSchema.asset.meta	4f15ea4331b55eb588e288d61d9e1d51d773995e03c2ace4bfd9ecc1835122e5
Assets/AddressableAssetsData/AssetGroups/Schemas/Split Front Narrative_BundledAssetGroupSchema.asset	4700b4442d79e1e9955f5657580f7a6d1f881f9a0d4e434e21e541132e826cc6
Assets/AddressableAssetsData/AssetGroups/Schemas/Split Front Narrative_BundledAssetGroupSchema.asset.meta	344909a2ff7ebf17d512eb4425ee80d0c6f43b0e1301c7a7ebbf9ef63eccf7da
Assets/AddressableAssetsData/AssetGroups/Schemas/Split Front Narrative_ContentUpdateGroupSchema.asset	cd99f8ec3db9252629149817e11a40e1435a698146011816c9c27ede31947b4c
Assets/AddressableAssetsData/AssetGroups/Schemas/Split Front Narrative_ContentUpdateGroupSchema.asset.meta	903fdf657d89d815b80781a85d9a4a42404a0ae32b3ac43279b1f29f5004624a
Assets/AddressableAssetsData/AssetGroups/Schemas/Steel Push Narrative_BundledAssetGroupSchema.asset	5a50c6ec5cc12439528fa90e3ff8edc173e2ae94968075d7b5ed6c779deba466
Assets/AddressableAssetsData/AssetGroups/Schemas/Steel Push Narrative_BundledAssetGroupSchema.asset.meta	2ad27afe2cc37eba6b02aa609c72d030c2f016d3d9198d9ff946847b42cc4678
Assets/AddressableAssetsData/AssetGroups/Schemas/Steel Push Narrative_ContentUpdateGroupSchema.asset	f8fb095b59dc4cb2131eec8f62f41d2b099e56fd0fd322951346ff776c825d26
Assets/AddressableAssetsData/AssetGroups/Schemas/Steel Push Narrative_ContentUpdateGroupSchema.asset.meta	1effd8cc347e3cb8d5bdb36535eb8614e83df32085619d5f28ade0b15cb55af7
Assets/AddressableAssetsData/AssetGroups/Schemas/Supply Line Narrative_BundledAssetGroupSchema.asset	701606075dbce30f6115db8b9b2da7e62c28f1f5716c1b7020b16cae6fd1f882
Assets/AddressableAssetsData/AssetGroups/Schemas/Supply Line Narrative_BundledAssetGroupSchema.asset.meta	6de7c7a3c83ca2b4af428a28c7fd8d49c4559c98e9c2d7b7a89605f6781ea65b
Assets/AddressableAssetsData/AssetGroups/Schemas/Supply Line Narrative_ContentUpdateGroupSchema.asset	a7dee0195816b29b788af58c7a0670d32c1f43a5e7dd956359cf65af35cc497c
Assets/AddressableAssetsData/AssetGroups/Schemas/Supply Line Narrative_ContentUpdateGroupSchema.asset.meta	bc92d0575478b7f4acd16f37a287de057e8b901a4b05b9a4cab1958fb401a2ba
Assets/AddressableAssetsData/AssetGroups/Signal Trace Narrative.asset	cb897f5c772b616c1d91de42a6c8db4d1f220d24979095612d401f0a8d98e763
Assets/AddressableAssetsData/AssetGroups/Signal Trace Narrative.asset.meta	87c30c79c1833d38595fbfe0d76f1477dcf54d39bc43eb378e34c57c78973341
Assets/AddressableAssetsData/AssetGroups/Split Front Narrative.asset	64bc73f4ed3c05efe793b60797779628008e985d09423d12dd95c0f16d9c31dd
Assets/AddressableAssetsData/AssetGroups/Split Front Narrative.asset.meta	8b53a58ea5c559da945ffc947bcd9ff592e3ef7503c3ef8df85b423a14ca1dd0
Assets/AddressableAssetsData/AssetGroups/Steel Push Narrative.asset	f3edc0cdda0515012b58a28a8e4524596819459c8091bbdb1eeb1e4f1f108544
Assets/AddressableAssetsData/AssetGroups/Steel Push Narrative.asset.meta	6b3d261cecde467dd4fab1cfde81bf25745901cb2130d7dcaf405cb0814719c7
Assets/AddressableAssetsData/AssetGroups/Supply Line Narrative.asset	1295a97775665d76a06c51db0f4a4f8519ad1481c61f683cb2b9334f319a6a34
Assets/AddressableAssetsData/AssetGroups/Supply Line Narrative.asset.meta	77c10fa1f27a44febc2ce1cd9bf478c16f8c5a576c3dd0a9ac91c2dd593231ac
Assets/AddressableAssetsData/DataBuilders.meta	592eb14c8503cddc49ad2f58fb5bbe899209b00c525ac3517f5dec4c64a6f603
Assets/AddressableAssetsData/DataBuilders/BuildScriptFastMode.asset	ec8fa6f7f04687b1ea742863ca9312cc48c78708d3bd04f5a80ee1c4289fa550
Assets/AddressableAssetsData/DataBuilders/BuildScriptFastMode.asset.meta	63a47134613527858cae2ff35c3fd777de9facca455ffcee75bad4c9c18aa18d
Assets/AddressableAssetsData/DataBuilders/BuildScriptPackedMode.asset	ca98b03b4bd46044981893af422aad5ec947f6b4923d5e7d732074ac0cf2d58c
Assets/AddressableAssetsData/DataBuilders/BuildScriptPackedMode.asset.meta	c87bd315e5353aea5c78577e1d74942da209fbb688f91beaefedb2b4568f91ee
Assets/AddressableAssetsData/DataBuilders/BuildScriptPackedPlayMode.asset	40aec021cfef83513030f6622569c31b4dc2eed74b6024c9ea8762ee981fd3bd
Assets/AddressableAssetsData/DataBuilders/BuildScriptPackedPlayMode.asset.meta	a4badd6c474bcd5cde0c08966178a48a1d43906ac91e70c74290430a0a7ecd1b
Assets/AddressableAssetsData/DataBuilders/BuildScriptSchemaDriven.asset	073294ab06a9231416f23bac15105509ea2b8079fce9928d9c2ff38721300fe3
Assets/AddressableAssetsData/DataBuilders/BuildScriptSchemaDriven.asset.meta	7581ee29f1bc1700914f25f42a3bf1526e13a771e51a7f4380bff0130ef816e3
Assets/AddressableAssetsData/DefaultObject.asset	e71b1b241fdd8e9208dcf433b077b56a5be065eb72f34bc837a0d92f372eed9a
Assets/AddressableAssetsData/DefaultObject.asset.meta	c60a25d3bf8555615730bed0a2faa26c86c5c335ee0f074f1bd54b95357b5131
Assets/AddressableAssetsData/OSX.meta	ae9834e5d44ad6e0fd0e7bbd3721eebfd45f897ce240906c78d4d153d835445d
Assets/AddressableAssetsData/OSX/addressables_content_state.bin	ae12fa1c73f493b2ade3c034e8b7f632b3013420cc52bcbb548bbf857df85da7
Assets/AddressableAssetsData/OSX/addressables_content_state.bin.meta	806a7bb6fc6efad6d26e6c3f25863ce21c203bcbcf1a3e842b5487ff0eabf89f
Assets/AddressableAssetsData/ProfileDataSourceSettings.asset	f8de3d32f69bdd89cd640986e03089048c2254d92b7067f6d649e084d360fdfb
Assets/AddressableAssetsData/ProfileDataSourceSettings.asset.meta	01db3997faa6ea6749e3dac9d0e56b29d11f93f9703d0989076310a022bedab1
Assets/Game/Art/MapPrototypes/Variants/AshLinePort.meta	fec6e518cd0b7a648019118042b28ee0821be8e39a4d58427efa424638551517
Assets/Game/Art/MapPrototypes/Variants/AshLinePort/Ground.meta	135328a45add48335cc5773c525fbde59bb0cf2555e8d47a1c08f04e6264f120
Assets/Game/Art/MapPrototypes/Variants/AshLinePort/Ground/Ground_0_0.asset	843b82e2256cf34edbfc0b26dd1572063a7b30c44195b707731fb77385bf094b
Assets/Game/Art/MapPrototypes/Variants/AshLinePort/Ground/Ground_0_0.asset.meta	5970a5b798779c4e913517bc27491f2acaf78b74bb837d7871bb04a7f60219ac
Assets/Game/Art/MapPrototypes/Variants/AshLinePort/Ground/Ground_0_1.asset	f21a651f41af9e50a0e5d580d7ddeeffa085d44d64b0d8e0ce55856ee69148a4
Assets/Game/Art/MapPrototypes/Variants/AshLinePort/Ground/Ground_0_1.asset.meta	d0527314abe7ab47f215bb4b5fa8843d0a8c42f6959a113bafd133be9db5e717
Assets/Game/Art/MapPrototypes/Variants/AshLinePort/Ground/Ground_1_0.asset	a934e0f29bc669d9d5878c62293bc99aa8d7dec264fe731597e2a9d8f924058a
Assets/Game/Art/MapPrototypes/Variants/AshLinePort/Ground/Ground_1_0.asset.meta	8966aa265357a78cdf6e74025fab1d3ce1feea522d20d4f372d61b5d720676ed
Assets/Game/Art/MapPrototypes/Variants/AshLinePort/Ground/Ground_1_1.asset	bea95a2255ef571dccd625ceae36014de32a150d99b71c8fa1eba7d3492afcf1
Assets/Game/Art/MapPrototypes/Variants/AshLinePort/Ground/Ground_1_1.asset.meta	77e74351cb02c8c8fbac682bad3ea715c1c30eab05547d887a3cabbb6d2ef32a
Assets/Game/Art/MapPrototypes/Variants/AshLinePort/Ground/Ground_2_0.asset	e502293926e2e1074a2c7e783182dee2d86d3cd5550a9dd05889ff6b37a4333e
Assets/Game/Art/MapPrototypes/Variants/AshLinePort/Ground/Ground_2_0.asset.meta	3742091989de44d4a6e8aa43ebf5f5d0318bd5e29d2d7018d31a73dd6ca399bb
Assets/Game/Art/MapPrototypes/Variants/AshLinePort/Ground/Ground_2_1.asset	e677502a41cad5880e5a2bb8f6991f8dc9229b3df5d0dc2b69edd5574660eaec
Assets/Game/Art/MapPrototypes/Variants/AshLinePort/Ground/Ground_2_1.asset.meta	2cdd892606ce5bb10c60c018e2c1167b3792491c2c9b6de2707e982eaa12da08
Assets/Game/Art/MapPrototypes/Variants/AshLinePort/MapVariant_AshLinePort.layout.json	cc10952b6823a4e43611e72e325787e1609b377e9650b7ee74439a226e8f3b94
Assets/Game/Art/MapPrototypes/Variants/AshLinePort/MapVariant_AshLinePort.layout.json.meta	aeab082586e8560dd98c0f58e0d2454e7d60b6b5d320b88beef577a199124f15
Assets/Game/Art/MapPrototypes/Variants/CityEdgeAirfield.meta	d92ad484eb6bc0beeb4dc9392ee237e0fa95fc9fc59df7eba2bc4a7444f00535
Assets/Game/Art/MapPrototypes/Variants/CityEdgeAirfield/Ground.meta	5abe407a8936b2117998b41964ab04cb871b6e7fbf1e3a00ca5439d2a3a76ce8
Assets/Game/Art/MapPrototypes/Variants/CityEdgeAirfield/Ground/Ground_0_0.asset	fe2c8141ea23716b3f28e164b9458fbb1947b4fb8e0f15cfb60d4070c6d8e1dd
Assets/Game/Art/MapPrototypes/Variants/CityEdgeAirfield/Ground/Ground_0_0.asset.meta	059cfca4f642baa7980894219093ca816710ffed80504feba1f1e336c90775e4
Assets/Game/Art/MapPrototypes/Variants/CityEdgeAirfield/Ground/Ground_0_1.asset	8b8b09ab9b5e7428ec1de82a3623d9cfec7f45389bf9e32f6a5ff18de6cbab4b
Assets/Game/Art/MapPrototypes/Variants/CityEdgeAirfield/Ground/Ground_0_1.asset.meta	441ec5a2c5ca366637ff72fca069e5bf022ed4489a2df1d1ea1a4c35892185e0
Assets/Game/Art/MapPrototypes/Variants/CityEdgeAirfield/Ground/Ground_1_0.asset	6bab66f3e7fcbf50fb826b872bba5f940405b971727b690184f2f81358c7ba45
Assets/Game/Art/MapPrototypes/Variants/CityEdgeAirfield/Ground/Ground_1_0.asset.meta	ba1669d4481403d18a187274dd8501df3eb02bb57c06b4129f0be42c17130d17
Assets/Game/Art/MapPrototypes/Variants/CityEdgeAirfield/Ground/Ground_1_1.asset	3712c862f250d37b22abf279b5acee1f88d0fe3a4aabc10b1be9bca73f44e93f
Assets/Game/Art/MapPrototypes/Variants/CityEdgeAirfield/Ground/Ground_1_1.asset.meta	ee6ce00328cccf8e609be455bec55c230824013e3cce0461db8f30b0704126e1
Assets/Game/Art/MapPrototypes/Variants/CityEdgeAirfield/Ground/Ground_2_0.asset	7909f0e63da6d6cc6365fd5c40e1917ff5051debe9e3c5503a352b84aa451759
Assets/Game/Art/MapPrototypes/Variants/CityEdgeAirfield/Ground/Ground_2_0.asset.meta	8427fea7e0006597e8abd737c12d98250fb6930b6ffa34cdc028ac037ffed1c6
Assets/Game/Art/MapPrototypes/Variants/CityEdgeAirfield/Ground/Ground_2_1.asset	167588cc18e06fe1040d3d3d32b95a22bd71662ed42e0c0356f3923ec4eb13de
Assets/Game/Art/MapPrototypes/Variants/CityEdgeAirfield/Ground/Ground_2_1.asset.meta	12c1b367d3c30a5deeb4149b299202da6cebe06fcd28af5286c6d727b5b2484e
Assets/Game/Art/MapPrototypes/Variants/CityEdgeAirfield/MapVariant_CityEdgeAirfield.layout.json	2fd30f304136b09caea60c72647a5c84e8d407bf71a58c9a86b46e1dadb2ec15
Assets/Game/Art/MapPrototypes/Variants/CityEdgeAirfield/MapVariant_CityEdgeAirfield.layout.json.meta	caea12d634c220dca6bf53068f0a62f9cc315d12e800a20191ae6fd7b4b5200a
Assets/Game/Art/MapPrototypes/Variants/Frontier.meta	ec71e97a6c4af5d23bde38fbb2d5738d48b644b8f6244fd74ccc5f14321c956a
Assets/Game/Art/MapPrototypes/Variants/Frontier/Ground.meta	4026b14d539c227ea8a789da4af5bd2a220194d1049faabb285053ff73e996e9
Assets/Game/Art/MapPrototypes/Variants/Frontier/Ground/Ground_0_0.asset	6111e3ff0dc2b8077e51d4885f5585d6538933140061e618f09f3f0408d84666
Assets/Game/Art/MapPrototypes/Variants/Frontier/Ground/Ground_0_0.asset.meta	cf8a959af80c21f8234d2cd9c1d6cbc950ebb6177b509017df3ab9733230d3a8
Assets/Game/Art/MapPrototypes/Variants/Frontier/Ground/Ground_0_1.asset	5c7cf66931a81d1d181c16fa924a77e321634e2d809c4e207fa0c41eaf27ea5a
Assets/Game/Art/MapPrototypes/Variants/Frontier/Ground/Ground_0_1.asset.meta	f54a5309fc6e1029fe24eab9bf667abd45e7959cf77ca417aea1889723d13e11
Assets/Game/Art/MapPrototypes/Variants/Frontier/Ground/Ground_0_2.asset	89bebbf11aec0447659ae251a8551c544405cb068c13935222795472c3d0dfec
Assets/Game/Art/MapPrototypes/Variants/Frontier/Ground/Ground_0_2.asset.meta	c7072f9674762201765ae2963417451c681bd6dcb38bea4caa5e04a31f631353
Assets/Game/Art/MapPrototypes/Variants/Frontier/Ground/Ground_1_0.asset	b08eaa0f7f1cf467d0c609d13363b5bbb0c50c121e626ca5043e72bcf226b995
Assets/Game/Art/MapPrototypes/Variants/Frontier/Ground/Ground_1_0.asset.meta	540dcdd33bd61d7e84bf54eb3594ae67af189dea2475abfcfffc498ef482fc85
Assets/Game/Art/MapPrototypes/Variants/Frontier/Ground/Ground_1_1.asset	e3be5e952e574989ea42f612330979ce4ffdd2f990d4b22dccdde1e71e92e3e7
Assets/Game/Art/MapPrototypes/Variants/Frontier/Ground/Ground_1_1.asset.meta	c82b12ad25b994f428da0cf8e1e17aad927e80f6c494e1b51fe75e4d3f8f8e5b
Assets/Game/Art/MapPrototypes/Variants/Frontier/Ground/Ground_1_2.asset	194b53380d177fcd7ac408c91bdf6934bb87c5f1e2e1e8eb7573f6b60833b061
Assets/Game/Art/MapPrototypes/Variants/Frontier/Ground/Ground_1_2.asset.meta	1957989ba56e74499e2aed63b8e8b1a208d5e5194181d6b8f27daed911cdda68
Assets/Game/Art/MapPrototypes/Variants/Frontier/Ground/Ground_2_0.asset	dcbf4062ead9e82fc13cf436512418b9072c438dd727af232c5b4580faa41a39
Assets/Game/Art/MapPrototypes/Variants/Frontier/Ground/Ground_2_0.asset.meta	59f39b9f9df68796f83ea48a65d593bea0c34fe2bfe3f1a08367878aab8f215c
Assets/Game/Art/MapPrototypes/Variants/Frontier/Ground/Ground_2_1.asset	a86a41537ee7e0b2d424b63b9725b4b0bcbd24e18ca79ea1d5fef951e94f6e78
Assets/Game/Art/MapPrototypes/Variants/Frontier/Ground/Ground_2_1.asset.meta	70665ef329d4fc167a27cfb6861f9626716eefe340ad5b56120ecd2e9e15ec7e
Assets/Game/Art/MapPrototypes/Variants/Frontier/Ground/Ground_2_2.asset	98468877f8b191aec1d4c1735640fb6f88183768e581be443959a41613fba867
Assets/Game/Art/MapPrototypes/Variants/Frontier/Ground/Ground_2_2.asset.meta	8a735a71bb78560bf58c69e81bc40f30eeb46abbee88d85358c7e03942509b24
Assets/Game/Art/MapPrototypes/Variants/Frontier/Ground/Ground_3_0.asset	c86af84881527443e74a747e9603e1f9c754f1bd967892bd88948411ca542105
Assets/Game/Art/MapPrototypes/Variants/Frontier/Ground/Ground_3_0.asset.meta	a33d4923d9e18349ed17dfe02377b5c9008c73c9bef07e83d7c38f52a408879a
Assets/Game/Art/MapPrototypes/Variants/Frontier/Ground/Ground_3_1.asset	cd1e1352197bd1d71a72ea0d5c3cd04e5053fc910d12110203cf3950e767ebe8
Assets/Game/Art/MapPrototypes/Variants/Frontier/Ground/Ground_3_1.asset.meta	9259532ae9661bc389bc84002b30379f735dd5d4b2bf20fd641e5dc3d39220a1
Assets/Game/Art/MapPrototypes/Variants/Frontier/Ground/Ground_3_2.asset	d5463f22ebabcb0d0f3611f59d01dba3fb54f3adfc5bd5e0eac42d93a6324129
Assets/Game/Art/MapPrototypes/Variants/Frontier/Ground/Ground_3_2.asset.meta	100078eeb6eea4b99a4a5acbfeddce59f8135741342bd53bdd240bc3383c395d
Assets/Game/Art/MapPrototypes/Variants/Frontier/MapVariant_Frontier.layout.json	bca648ae6d4fd48720b44000b24acf6f3976da2ee58717d004ba66e25dd8bc0b
Assets/Game/Art/MapPrototypes/Variants/Frontier/MapVariant_Frontier.layout.json.meta	7aceae0b20bb6032618540c2463c4645e9d21edbe67fb2fa54c89ef696173603
Assets/Game/Art/MapPrototypes/Variants/RefineryDistrict.meta	908af1980adb9cb5d64855051642d5b5da90f16bbb6becd74e147b6a9ddcbcce
Assets/Game/Art/MapPrototypes/Variants/RefineryDistrict/Ground.meta	ca2b6bfed7e0bab1f4d4dc5fab807fdc438d9cce5446660a79936de301b73834
Assets/Game/Art/MapPrototypes/Variants/RefineryDistrict/Ground/Ground_0_0.asset	e9ef6cfa5995c50574908769925eeeb668b41b9e26dd1d0217eab3e94c57c243
Assets/Game/Art/MapPrototypes/Variants/RefineryDistrict/Ground/Ground_0_0.asset.meta	7bd4e287a6828e61be79002f231d1817b781fc74d3c53926f207bbb5ebf67647
Assets/Game/Art/MapPrototypes/Variants/RefineryDistrict/Ground/Ground_0_1.asset	e13a390b8b868c09bd7083911aa719ae72789cb957ee45937018c3aa1d4ffc47
Assets/Game/Art/MapPrototypes/Variants/RefineryDistrict/Ground/Ground_0_1.asset.meta	8c13d61e191a0ba1b0c7fe8f10583593067693a1e4134493f2241657ae5930c1
Assets/Game/Art/MapPrototypes/Variants/RefineryDistrict/Ground/Ground_1_0.asset	3d9989eff38fec78c384e7b1e121fbf28f11fa03454e9b4a2927d6714c93807d
Assets/Game/Art/MapPrototypes/Variants/RefineryDistrict/Ground/Ground_1_0.asset.meta	d883870d8af27d0f64a138b2965cf7a45e16767caa8f9fa72d874eb3d7b4470b
Assets/Game/Art/MapPrototypes/Variants/RefineryDistrict/Ground/Ground_1_1.asset	724794648026a5136b830aa1d6c3fe5b5974d10ca1a271129eb9949277735673
Assets/Game/Art/MapPrototypes/Variants/RefineryDistrict/Ground/Ground_1_1.asset.meta	47f66493b60aadab90ce0fe8ad8af55a1fb35636d5ba10a21d30444246c5307f
Assets/Game/Art/MapPrototypes/Variants/RefineryDistrict/Ground/Ground_2_0.asset	33fa2a3741d52db3f4a8eb6270f4660cee72ee02bea3fd77a4baed45fd664732
Assets/Game/Art/MapPrototypes/Variants/RefineryDistrict/Ground/Ground_2_0.asset.meta	daccfc1a7b89aade87a3ef221b19bc5c786146ad48d5bf265ad1f038bb53b770
Assets/Game/Art/MapPrototypes/Variants/RefineryDistrict/Ground/Ground_2_1.asset	6c37494ee165648135a6d12e5494c13a1499fdff331e6e22217e72b8be99672c
Assets/Game/Art/MapPrototypes/Variants/RefineryDistrict/Ground/Ground_2_1.asset.meta	bc925ee054b9cc04b921769acb25a8fb2ae5767961ae635c51dc22e3d6b86641
Assets/Game/Art/MapPrototypes/Variants/RefineryDistrict/MapVariant_RefineryDistrict.layout.json	3666b0cbcbfd64a64873224140e320f6420799b6e7443efcc2804a44a98fcac7
Assets/Game/Art/MapPrototypes/Variants/RefineryDistrict/MapVariant_RefineryDistrict.layout.json.meta	64ea14fd5c5b40e64d3a81940380a0805e11899215b6a80d58e56728cf1f592c
Assets/Game/Art/MapPrototypes/Variants/Shared.meta	6b3ab3b42452e2c6885da5d14a1c3572ab6aff81ae54e54f5f9a35cbc46e18b0
Assets/Game/Art/MapPrototypes/Variants/Shared/PolygonBattleRoyale_01_A_Amber.mat	7c1b3f8058e157c02b96ec339f844dd7fe03b4f32ef78bc513ae70ac0481cffe
Assets/Game/Art/MapPrototypes/Variants/Shared/PolygonBattleRoyale_01_A_Amber.mat.meta	1967fcbba5df954b126a2c63861dd7551485ef578a8712463511d803d34158ee
Assets/Game/Art/MapPrototypes/Variants/Shared/PolygonBattleRoyale_01_A_Blue.mat	5d92099102611c66fe2159ce03cc3bd5f1c5076f14f5c257cfa2d0a64fd40d39
Assets/Game/Art/MapPrototypes/Variants/Shared/PolygonBattleRoyale_01_A_Blue.mat.meta	7e4079ad59d55ffb069aa1302284356528c9f2980e8e5ab6f59404f92f1bd800
Assets/Game/Art/MapPrototypes/Variants/Shared/PolygonBattleRoyale_01_A_Green.mat	7544e43b8e0cae4bbbb5ae18c82a7e152a813f2393dca1d52a2559852185ebff
Assets/Game/Art/MapPrototypes/Variants/Shared/PolygonBattleRoyale_01_A_Green.mat.meta	9d2a55c76966e28225e77f444dda72e8d00848b512d166edddf717c2a49455e3
Assets/Game/Art/MapPrototypes/Variants/Shared/PolygonBattleRoyale_Texture_01_A_Amber.png	ac9cf796999a39ca5867817145cece55469bffb5030d1f16973310ecde93e612
Assets/Game/Art/MapPrototypes/Variants/Shared/PolygonBattleRoyale_Texture_01_A_Amber.png.meta	9197dbe5f509bb64899a4a8e193c9c8e6fa04803bd1b0e9b29ae07c9d3e01ac1
Assets/Game/Art/MapPrototypes/Variants/Shared/PolygonBattleRoyale_Texture_01_A_Blue.png	776f3bf53f86ed0dfe6d10532b108158a67434c9542e33844a50329637f085c6
Assets/Game/Art/MapPrototypes/Variants/Shared/PolygonBattleRoyale_Texture_01_A_Blue.png.meta	ca048875a19ac9c05dccbcc3fbcacdf7914666181df5e28969913bde8dcc0661
Assets/Game/Art/MapPrototypes/Variants/Shared/PolygonBattleRoyale_Texture_01_A_Green.png	20b492acedca67c017fe6b4ef14265df6c9c9a995b67df50a5edb210cca9646a
Assets/Game/Art/MapPrototypes/Variants/Shared/PolygonBattleRoyale_Texture_01_A_Green.png.meta	031a8db6d4651058625c28a2991353ddb6bc4e79dc000208513e44c3e1403564
Assets/Game/Configs/Missions/Chapter01.meta	abba4e15069516b5c9630fe6be2230b9d2f4f39ea9d29ccfa5414fb72998a8a4
Assets/Game/Configs/Missions/Chapter01/M03_FieldGuide.asset	6e49691c3dfe5b8b9ba99258feb9c2daba2ecf988f04fd5e1ee364fae1aa1085
Assets/Game/Configs/Missions/Chapter01/M03_FieldGuide.asset.meta	e76da1a52852ea5affb994e50c0247de1a159c0899b6d91aec8474235a1d028b
Assets/Game/Configs/Missions/Chapter01/M04_Airlift_FieldGuide.asset	5a11df0c45a2130cca740bfdbae8086979b8f01d0dbd5328e675e22b02546ec8
Assets/Game/Configs/Missions/Chapter01/M04_Airlift_FieldGuide.asset.meta	f73635868c5eddb0fb8dc9ee7a0698e4e0cc1f1ed330ba2d308b782b12962340
Assets/Game/Configs/Missions/Chapter01/M05_BreachAssault_FieldGuide.asset	8701547e83964699f01d182f49d2047f9ac3eb07fc814813b98caff5b670a058
Assets/Game/Configs/Missions/Chapter01/M05_BreachAssault_FieldGuide.asset.meta	3f6e805d28be06a1656a0cea606450eb4266845d60a2c885347ae774ecbf41b1
Assets/Game/Configs/Missions/Chapter01/MissionDefinition_Ch01_M01_FirstContact.asset	b029211c747e5b9f9e9c3c655f2264da38b65bfbcfca13fac80b26cb4f886ca7
Assets/Game/Configs/Missions/Chapter01/MissionDefinition_Ch01_M01_FirstContact.asset.meta	f95e77f8c3c998398ef5010d26e4776407d1ba0879687ae64faa1739ecd69e07
Assets/Game/Configs/Missions/Chapter01/MissionDefinition_Ch01_M02_EstablishBase.asset	9cc24c0afa637c340d7bcacf45d19b9a5e2c85f28d26750d0d66e99a6a6d2194
Assets/Game/Configs/Missions/Chapter01/MissionDefinition_Ch01_M02_EstablishBase.asset.meta	97d5d52b64e59fc6a13ccd640633b9e2db3348803368d7a8169888832a549ccc
Assets/Game/Configs/Missions/Chapter01/MissionDefinition_Ch01_M03_RadarWarning.asset	0a42080d251d3e8dd2c2431bc233d703b7ff24370173b8b190fe630a4fd97845
Assets/Game/Configs/Missions/Chapter01/MissionDefinition_Ch01_M03_RadarWarning.asset.meta	2e5e7891dbd0ebf3c94c5321f2346d96b77bbaa1012f26e478dbc35ed35fd679
Assets/Game/Configs/Missions/Chapter01/MissionDefinition_Ch01_M04_Airlift.asset	36a5b216e812448002044db8d8bde21110c56551e3c17e65452ec09fea0847e3
Assets/Game/Configs/Missions/Chapter01/MissionDefinition_Ch01_M04_Airlift.asset.meta	77026c8189983c7cd1ea7d5537a68f172017986563eb146a42d3e9063ccd5482
Assets/Game/Configs/Missions/Chapter01/MissionDefinition_Ch01_M05_BreachAssault.asset	60675e59bcc20c2f0b58748af68dea4c966dea3886d67e9423bd584c149bdce1
Assets/Game/Configs/Missions/Chapter01/MissionDefinition_Ch01_M05_BreachAssault.asset.meta	2842d2c32db5a4627462ddb325eb6684a2b3e431d9173c30b40098892bf1ee2f
Assets/Game/Configs/Missions/Chapter02.meta	8822b7ab611e3e31f0d56060a3af3a6ea292e7a276cc6116d4bea087e62f258e
Assets/Game/Configs/Missions/Chapter02/CH02M01_Gridlock_FieldGuide.asset	7cb927cdedcf84b857fa10d9112a393553d8d1a23a372ccb5f1168aba650c0af
Assets/Game/Configs/Missions/Chapter02/CH02M01_Gridlock_FieldGuide.asset.meta	f54314b8c2ede00ba8ce4ec30f3d48565c26b893289913b62bbbca53507b17cf
Assets/Game/Configs/Missions/Chapter02/CH02M02_SupplyLine_FieldGuide.asset	cb48d0baf2079a881369a34001f2df087be7db82e33a37aa3018447249b38588
Assets/Game/Configs/Missions/Chapter02/CH02M02_SupplyLine_FieldGuide.asset.meta	8d5a7c3b7babd3edd2d3c4a42ebcea7ae1c1bb1ecf2e452b8dc3c71d9d6014fe
Assets/Game/Configs/Missions/Chapter02/CH02M03_MarketLifeline_FieldGuide.asset	024baa61a24bbace79555e5ffa7a3b7602200312afe94f6b9a5c65b1f2990235
Assets/Game/Configs/Missions/Chapter02/CH02M03_MarketLifeline_FieldGuide.asset.meta	56c6296fc2a5c35a7f159b551a1721d6565a875cfbfd6569b9f85a957bbd7ae8
Assets/Game/Configs/Missions/Chapter02/CH02M04_PowerRelay_FieldGuide.asset	344d52db302775ddcb2d402c1c721df15c9a413ab0f0eb6aa7dafcbbb36ceabc
Assets/Game/Configs/Missions/Chapter02/CH02M04_PowerRelay_FieldGuide.asset.meta	6434f6cdcb344b61f5284b31d18b87bd6dca1ba74efa1a193d8c9324a0aee6fe
Assets/Game/Configs/Missions/Chapter02/CH02M05_RouteReopened_FieldGuide.asset	c459f75a25cab106d707521993b3d2769947480fb79fa1b41c920bec4626cd67
Assets/Game/Configs/Missions/Chapter02/CH02M05_RouteReopened_FieldGuide.asset.meta	d7df50d08640b690867c9443fc3a564c07eebd60e8bd20f0b3bbba77965542c5
Assets/Game/Configs/Missions/Chapter02/MissionDefinition_Ch02_M01_Gridlock.asset	762274173d3abec43d3d40317fe6143dd62aa0270c2080b39d04dff015dcea7d
Assets/Game/Configs/Missions/Chapter02/MissionDefinition_Ch02_M01_Gridlock.asset.meta	83baa5c7bf08b2cff564210f63a2068ee405fca6bcfe6fa29b2708a0a928309b
Assets/Game/Configs/Missions/Chapter02/MissionDefinition_Ch02_M02_SupplyLine.asset	ac73f6db9995ee317a0eb85f36e5550ea307e935148119a8fe3dce17e025860f
Assets/Game/Configs/Missions/Chapter02/MissionDefinition_Ch02_M02_SupplyLine.asset.meta	cc9a3d042108a6faa2929cacb42c574d2216be911343c26cce1d5945c29947a7
Assets/Game/Configs/Missions/Chapter02/MissionDefinition_Ch02_M03_MarketLifeline.asset	8185247a312bc2fad1b2eefa33210488d7e405c44584db159c504f4cd4596e01
Assets/Game/Configs/Missions/Chapter02/MissionDefinition_Ch02_M03_MarketLifeline.asset.meta	74eee047eab64d6a17d5723b589029bc884fdd5fde1d99af1e77093e74448690
Assets/Game/Configs/Missions/Chapter02/MissionDefinition_Ch02_M04_PowerRelay.asset	1233c0a811dd53f795c0314bb1f4347ba0bd749d9ad6670530c831024a4d7ba3
Assets/Game/Configs/Missions/Chapter02/MissionDefinition_Ch02_M04_PowerRelay.asset.meta	b21dde1a87cba350a1553a0cca685c08c6894cc89e5c87c9bb01210f275e9bc3
Assets/Game/Configs/Missions/Chapter02/MissionDefinition_Ch02_M05_RouteReopened.asset	a7002c696036ba60d42e14c6881ca2433b7106bc54d5883583cea922cd162cc1
Assets/Game/Configs/Missions/Chapter02/MissionDefinition_Ch02_M05_RouteReopened.asset.meta	761e44e58c87b9b03a428b16f5143cf9f78f68e0a22ad428794a89d1a84dd3ea
Assets/Game/Configs/Missions/Chapter03.meta	54d94f4f6b6414b9a8c1042d4d86ed4e09aa76df539cc947fd58dc754e15cf9e
Assets/Game/Configs/Missions/Chapter03/CH03M01_SignalTrace_FieldGuide.asset	64ec21ba3951d71ff81fbb24c08bfe81539501759a2a82e7d0997910aeb5231a
Assets/Game/Configs/Missions/Chapter03/CH03M01_SignalTrace_FieldGuide.asset.meta	727a13910314bea5495f5bb07e008a64094c488a107b4076b9c603f6d6cf9635
Assets/Game/Configs/Missions/Chapter03/CH03M02_SafehouseSweep_FieldGuide.asset	65b339d3bde32a46604cfbeff4874b9663916f623afd56e898c63625c27584f8
Assets/Game/Configs/Missions/Chapter03/CH03M02_SafehouseSweep_FieldGuide.asset.meta	d5ac3e17fb3d4ba82e2902d68b69aa746ae2ace427e8709932d28b060384d0f5
Assets/Game/Configs/Missions/Chapter03/CH03M03_FalseFront_FieldGuide.asset	ee83dc0954ac5a8149a25d8e3a262028152967240d76fa38badbf4323f1db289
Assets/Game/Configs/Missions/Chapter03/CH03M03_FalseFront_FieldGuide.asset.meta	967dd19089ea15882e4d36d1eb5e2078e94ba2c599f36b29d25578248b1161af
Assets/Game/Configs/Missions/Chapter03/CH03M04_EvidenceChain_FieldGuide.asset	54ebcfb48b91919f23f3fff56e6e558738128605793b3a454e32ff1de353b653
Assets/Game/Configs/Missions/Chapter03/CH03M04_EvidenceChain_FieldGuide.asset.meta	ebf1f295fca871846982529a28a9e2abeace685328a21fcac047ff879f15a22e
Assets/Game/Configs/Missions/Chapter03/CH03M05_NetworkBreak_FieldGuide.asset	956ba867c08aea7d4a7f52209e712d5c592404155d938ffc972cd54ef9f7629b
Assets/Game/Configs/Missions/Chapter03/CH03M05_NetworkBreak_FieldGuide.asset.meta	70815a120793f1d45df39be381e61d655865b73e98377b007576927982f88b65
Assets/Game/Configs/Missions/Chapter03/MissionDefinition_Ch03_M01_SignalTrace.asset	67c038d4bcc4436ba40aa4672f2ebc77f6d294c4e9af520670ec5b5ebf6a9e7c
Assets/Game/Configs/Missions/Chapter03/MissionDefinition_Ch03_M01_SignalTrace.asset.meta	30a203456a00174736756750216294ad72ad78214cfa971872916e7b2ccba2c1
Assets/Game/Configs/Missions/Chapter03/MissionDefinition_Ch03_M02_SafehouseSweep.asset	2e47cd2cdeaa3b3fbcc377d5ab000b16fe604bc51bee09032b2f43f9853929ae
Assets/Game/Configs/Missions/Chapter03/MissionDefinition_Ch03_M02_SafehouseSweep.asset.meta	fe3f2bd8d94a2b2a4508f90bb1a20279d2a79fb9e43993c819ebb1c5be282871
Assets/Game/Configs/Missions/Chapter03/MissionDefinition_Ch03_M03_FalseFront.asset	8ba6a73a4ea33390fd595aae9fdf95b2f60cb13e9183107402f1426d7e55b949
Assets/Game/Configs/Missions/Chapter03/MissionDefinition_Ch03_M03_FalseFront.asset.meta	b599cc9b7e4ed5efc9030bf6a50b7ebf30a543f6563f0a30c6b222d4b1169ce0
Assets/Game/Configs/Missions/Chapter03/MissionDefinition_Ch03_M04_EvidenceChain.asset	da3bb340c00fb63e0d6642368635a95f0607a135033392eca55abc58c999c34f
Assets/Game/Configs/Missions/Chapter03/MissionDefinition_Ch03_M04_EvidenceChain.asset.meta	a8b8e4be8729b189b6c72728c1bab2ae366ec83db5e929097515badaa8fce7e9
Assets/Game/Configs/Missions/Chapter03/MissionDefinition_Ch03_M05_NetworkBreak.asset	6559e0cd55497453a85cda683406bf94818459321542dfc5e55f8a5c32f954c9
Assets/Game/Configs/Missions/Chapter03/MissionDefinition_Ch03_M05_NetworkBreak.asset.meta	6091c2829ca8c64381f2c5dae54d319b2e145417640e3d03be85858f2f9fed2f
Assets/Game/Configs/Missions/Chapter04.meta	aaf6972275ec7875483ad94a3bc1d98872a6a93547abff02cc1816ec1f1e328b
Assets/Game/Configs/Missions/Chapter04/CH04M01_AirCorridor_FieldGuide.asset	c0407222a00cc955a0c28f88680cbb9bc824412b88d3cf293104fd78341e7812
Assets/Game/Configs/Missions/Chapter04/CH04M01_AirCorridor_FieldGuide.asset.meta	ea7d37eeea2a585f4e3ffdb17fbd6ac215db7124ab5cd092913810c55263f08f
Assets/Game/Configs/Missions/Chapter04/CH04M02_SteelPush_FieldGuide.asset	2df357217bcb22098e52ef9a0a9726839c070eee4e8fc8e1aa80e8f37f61d285
Assets/Game/Configs/Missions/Chapter04/CH04M02_SteelPush_FieldGuide.asset.meta	325d77c03d344fd78c0ee43674abe56d98a2442f9aebf34268b1b5000cb1d7dd
Assets/Game/Configs/Missions/Chapter04/CH04M03_SplitFront_FieldGuide.asset	b0da98e32086f91f9a4a6b70a9f66ed7f5628e2ca14979edf08ad9b18b6921b2
Assets/Game/Configs/Missions/Chapter04/CH04M03_SplitFront_FieldGuide.asset.meta	6fb36dc839e2e7868755a500cab121d2280ea7d4252309ddf270fd7a01759e4f
Assets/Game/Configs/Missions/Chapter04/MissionDefinition_Ch04_M01_AirCorridor.asset	416bb368de32d51f93c5fb238b1844db6dc4f4a8e319b0b2dd9e3a4656b99d26
Assets/Game/Configs/Missions/Chapter04/MissionDefinition_Ch04_M01_AirCorridor.asset.meta	c9bb111e37cf13e51772f3953f9329068fce583d1f3f80e43e59f1bc2076a8c1
Assets/Game/Configs/Missions/Chapter04/MissionDefinition_Ch04_M02_SteelPush.asset	88edecad5674fad3907df70d16115cae6758c379cfd9c5aa76e2c24098640096
Assets/Game/Configs/Missions/Chapter04/MissionDefinition_Ch04_M02_SteelPush.asset.meta	f83472e0470a59b5e87e4125304cff8ba00fe93bdc043ba568d2ce2b560bdb78
Assets/Game/Configs/Missions/Chapter04/MissionDefinition_Ch04_M03_SplitFront.asset	9c2f796ac6426c5d41fed1b8a5b3db879b45d4c5e60012f8f30215a85a684b7e
Assets/Game/Configs/Missions/Chapter04/MissionDefinition_Ch04_M03_SplitFront.asset.meta	8ca8946d6892d7253cf288ff401e22f2c3865d08c7e766812c50152f041e4a6a
Assets/Game/Configs/OperationMaps/Candidates.meta	a6fc6a21aec18041760af1fefcb2ce7ee4b1eda43e5e1b33fb57515a63053cd6
Assets/Game/Configs/OperationMaps/Candidates/OperationMap_Compatibility_DesertBase01_DenseCity_EntityScene_Candidate.asset	68a631ca108e01c9a17839d2359e409226cdb009193f68ba910fa6f0f0a082b8
Assets/Game/Configs/OperationMaps/Candidates/OperationMap_Compatibility_DesertBase01_DenseCity_EntityScene_Candidate.asset.meta	883122592bbc97bf56f7dbf979a2e6610e2695c8a44045e9806c494d7b8781a0
Assets/Game/Configs/OperationMaps/Candidates/OperationMap_Compatibility_DesertBase01_EntityScene_Candidate.asset	71cbea937ceefcc48452566689859196c12171ac88a31ab89f8aa1dae7bc6d94
Assets/Game/Configs/OperationMaps/Candidates/OperationMap_Compatibility_DesertBase01_EntityScene_Candidate.asset.meta	04fbdb741e6b52851156ba4fab513ee6c9566c2c681d03770e84ad6485b9e1f3
Assets/Game/Configs/OperationMaps/Chapter01.meta	b698a5824c3e75eac93639bc567246e00acf17b87510227554d857c4a8bde209
Assets/Game/Configs/OperationMaps/Chapter01/M05EnemyCompoundPlacements.asset	f79f1532fecc7b232f4eed709d2734d2e95717dd7264ee69bce79cb6eedf1ad2
Assets/Game/Configs/OperationMaps/Chapter01/M05EnemyCompoundPlacements.asset.meta	a0f9c12aa4e3e34bf40ca3414aa13814ae51c42f37eb690b2c1ebb0a7c97fa9b
Assets/Game/Configs/OperationMaps/Chapter01/OperationMapCatalog_Chapter01.asset	c507d504ccff7ed5f70fede6cb4b418146fb7b638921103af9b5e9917f107448
Assets/Game/Configs/OperationMaps/Chapter01/OperationMapCatalog_Chapter01.asset.meta	e826ea8c9d35bb43edd89dc0bb27be0ddf605b81c3457599fed01267f7e8e2aa
Assets/Game/Configs/OperationMaps/Chapter01/OperationMap_Ch01_Airlift01.asset	2369dccbf9bdf4dc83186b99f3fecbd552bd1fb71d58f9f9e8dcef65e4b29260
Assets/Game/Configs/OperationMaps/Chapter01/OperationMap_Ch01_Airlift01.asset.meta	08701a75742f1ac3cd6c4b2082e67f5ffe6b7ac49aec155febbe7a89659a9692
Assets/Game/Configs/OperationMaps/Chapter01/OperationMap_Ch01_BreachAssault01.asset	6074650f7e15181d92a564f52d46a86dcd47106679dd8e1c4fc76eb95f7731e8
Assets/Game/Configs/OperationMaps/Chapter01/OperationMap_Ch01_BreachAssault01.asset.meta	0caa7644ef155d12a3fc786b28e39af792d37bb8b694f6d89c34a63f7e8d9cb7
Assets/Game/Configs/OperationMaps/Chapter01/OperationMap_Ch01_ConvoyApproach01.asset	47d4d558c7126e9f6db83f91184d5b7b1731ade8b47792d2a563c03602e70e87
Assets/Game/Configs/OperationMaps/Chapter01/OperationMap_Ch01_ConvoyApproach01.asset.meta	a492bf24c531fb39c8440667acac97bab3e06f537518c0812c100019e4c81a79
Assets/Game/Configs/OperationMaps/Chapter01/OperationMap_Ch01_DistrictEdge01.asset	1567c4637104c12dda084947206cbf3733d74c21f2f8c939d9b4e6940f4bfb28
Assets/Game/Configs/OperationMaps/Chapter01/OperationMap_Ch01_DistrictEdge01.asset.meta	b0fc65e8b610dacbaea664772affd6214f5eea0077072dbd3998c6b225e306a6
Assets/Game/Configs/OperationMaps/Chapter01/OperationMap_Ch01_ForwardPost01.asset	aee6f5242223035798a4f7ec9bce1d7e65ba55f7c5d5e668f97f7728ea9f6683
Assets/Game/Configs/OperationMaps/Chapter01/OperationMap_Ch01_ForwardPost01.asset.meta	64ad7fdbddf421a355483f44b97d6258ae4662e40ac5866a6f46bbe6ad8841e3
Assets/Game/Configs/OperationMaps/Chapter02.meta	8b28542bfbf5b204b3a282d3d31e53e57dafe5dbf4abd7f5facb58b2f73e66c2
Assets/Game/Configs/OperationMaps/Chapter02/GridlockPlacements.asset	845804c5f350032bbf950bc293719c7a96411f11ea69ba15f1ec66ec74e7208b
Assets/Game/Configs/OperationMaps/Chapter02/GridlockPlacements.asset.meta	998e496881b96b900933ca85a13ab1bd70c616b4d3335adb5d849ffc73cfd66a
Assets/Game/Configs/OperationMaps/Chapter02/OperationMap_Ch02_HospitalCorridor01.asset	dc8b455739f89114362b3fa44e299db56eb114f2b10829dd689b0dd63d4325f7
Assets/Game/Configs/OperationMaps/Chapter02/OperationMap_Ch02_HospitalCorridor01.asset.meta	717f0be01632262cca8945baf45e1c92b73bd99c4494c3988a01e918551dc1c7
Assets/Game/Configs/OperationMaps/Chapter02/OperationMap_Ch02_OldMarket01.asset	076a37160a6a6170f32465601e273cf6e208bb7272a3a98ebf9d382837effe17
Assets/Game/Configs/OperationMaps/Chapter02/OperationMap_Ch02_OldMarket01.asset.meta	2b4b2aef6bbfcb6cdbcc4b67c1641242074c4819bdfd5c2f4d501516754a969a
Assets/Game/Configs/OperationMaps/Chapter02/OperationMap_Ch02_PowerRelay01.asset	9f55942a7a5a7d0a6c49c522bb101f610bd0f0b4ab240881207a394908e55d82
Assets/Game/Configs/OperationMaps/Chapter02/OperationMap_Ch02_PowerRelay01.asset.meta	d5254dc5aff19c491cc6075fc4b590ac48246127773237cb213792d2da33722c
Assets/Game/Configs/OperationMaps/Chapter02/OperationMap_Ch02_RouteReopened01.asset	1fa5ff024acf79d5939ae9de447ff6af39dd41b3cdadec99c3eb61ce2361bfd8
Assets/Game/Configs/OperationMaps/Chapter02/OperationMap_Ch02_RouteReopened01.asset.meta	68e94471fba90fb87e18ba1bdc1eaf8a9c2709fa304f28f994d4dfaa7c01e7a2
Assets/Game/Configs/OperationMaps/Chapter02/OperationMap_Ch02_SupplyYard01.asset	37e0d46042a73b746720f1d6f9e90bc9953f6f43a3d7832066f90ca4f52b8742
Assets/Game/Configs/OperationMaps/Chapter02/OperationMap_Ch02_SupplyYard01.asset.meta	6fb3cea4ef402724eba76b6340f955cf911c5c8060be90670a5edab22261ccca
Assets/Game/Configs/OperationMaps/Chapter02/SupplyLinePlacements.asset	64bc72fb15ccaa82a33091eaac07f4ad760f51f36b26c404dd2565ead6df4145
Assets/Game/Configs/OperationMaps/Chapter02/SupplyLinePlacements.asset.meta	6fc5f9bd8cdcdada0e367978b5426e8ab7ba30527815c866bb6233a64785526b
Assets/Game/Configs/OperationMaps/Chapter03.meta	03951b54fb3f37e230b7a25325eb8e414656ff78af923858a3dfe5855c2e142c
Assets/Game/Configs/OperationMaps/Chapter03/EvidenceChainPlacements.asset	4ab0fdd9890d0e7ac24a8e9c38aeddeb9035a666a6bc6dba852f410cfcb112da
Assets/Game/Configs/OperationMaps/Chapter03/EvidenceChainPlacements.asset.meta	5be2719a22c8b8c125ac29a2843b17ae613fe49700dc4e2aaf2e2802ab44b874
Assets/Game/Configs/OperationMaps/Chapter03/OperationMap_Ch03_EvidenceChain01.asset	220e139d7f5ea8e1c246bccf893d7afbf26422bfb8fb02a03971635324277deb
Assets/Game/Configs/OperationMaps/Chapter03/OperationMap_Ch03_EvidenceChain01.asset.meta	193b577d82fcb8dd01ac792eb3459360a7c8a3a72fd856a98729071517274ae6
Assets/Game/Configs/OperationMaps/Chapter03/OperationMap_Ch03_FalseFront01.asset	a0f2f818f4e7a3bc15c48cdbb9e850851b398a8f4da9980f5909f0fad2aa499c
Assets/Game/Configs/OperationMaps/Chapter03/OperationMap_Ch03_FalseFront01.asset.meta	8a472f866d5e0b3ba483eb8768988626ff48ea75e552b8a96f1a9d6293c031cf
Assets/Game/Configs/OperationMaps/Chapter03/OperationMap_Ch03_NetworkBreak01.asset	05359c80fc658fe74c47614f9781f93d1569827eddee5f7c5027f7b8a9947ed5
Assets/Game/Configs/OperationMaps/Chapter03/OperationMap_Ch03_NetworkBreak01.asset.meta	3453643008d104628aec451779e6be948785bc238e6e41e6d87af082578bab58
Assets/Game/Configs/OperationMaps/Chapter03/OperationMap_Ch03_SafehouseSweep01.asset	0c008d179060999b641c345e102efc51264703e6beea9807465add68392160a2
Assets/Game/Configs/OperationMaps/Chapter03/OperationMap_Ch03_SafehouseSweep01.asset.meta	6672874f1fa3fcd30fd534497d616c97297140330f976d2430daf31e277043ac
Assets/Game/Configs/OperationMaps/Chapter03/OperationMap_Ch03_SignalTrace01.asset	11542698bd7474c5112ee7e248a91e9f8b6e2f8dc5d43e0aebaca3ff75e2e719
Assets/Game/Configs/OperationMaps/Chapter03/OperationMap_Ch03_SignalTrace01.asset.meta	5cd952bde52ab5492e80748ccdfa31cab0ae76107030cd17d0c2ebd4f6bfe7a3
Assets/Game/Configs/OperationMaps/Chapter04.meta	f94ea9aaecb8c3f09e2cb734bd8278b7a24d2fc977ea5ba1cbf35415a3532033
Assets/Game/Configs/OperationMaps/Chapter04/OperationMap_Ch04_AirCorridor01.asset	720837a971d5e53d85cbabc1cdfebfd73746e8eec70d5a9df85516f9247d0ea0
Assets/Game/Configs/OperationMaps/Chapter04/OperationMap_Ch04_AirCorridor01.asset.meta	2b9f1668040234bc321542ff31eecce7dac05ec7fb200e59495e8963d4ba8c28
Assets/Game/Configs/OperationMaps/Chapter04/OperationMap_Ch04_SplitFront01.asset	d69498d92e2a964960d4b8783bfccd9d09386db72d93a57e42d7246ff464108b
Assets/Game/Configs/OperationMaps/Chapter04/OperationMap_Ch04_SplitFront01.asset.meta	731505de4ea73864afe0ff597bc033139bf04f5f218f18f5d2b5511cd1f87aff
Assets/Game/Configs/OperationMaps/Chapter04/OperationMap_Ch04_SteelPush01.asset	1ed0089623c5f683dd647f093bddcb1f38dca61699fd4dae47ca399a447e0f59
Assets/Game/Configs/OperationMaps/Chapter04/OperationMap_Ch04_SteelPush01.asset.meta	8e17e693dbbe0391c8397da7f41a34ffce323a3621291deb3bdecb0f90e71f88
Assets/Game/Configs/OperationMaps/OperationMapCatalog_Compatibility.asset	dd0f215650aab0648e9aa48fff37d957cc5552d2e19d2d72a759a0ec050d69d0
Assets/Game/Configs/OperationMaps/OperationMapCatalog_Compatibility.asset.meta	91cd2f334dd89ff4c529356edddc8c2f52da963c4e628d8067b9c821673891f5
Assets/Game/Configs/OperationMaps/OperationMap_Compatibility_DesertBase01.asset	8a03d36fd1d4d59a180c65d82f1c708fd70e7c291f49d480c80629a80ec728c0
Assets/Game/Configs/OperationMaps/OperationMap_Compatibility_DesertBase01.asset.meta	025585a0469f0339fa3cffb91ee20e87fbc27e5016c2388004c944643be9c66f
Assets/Game/Configs/OperationMaps/OperationMap_Compatibility_DesertBase01_BuildingPlacements.asset	f5d54abe4dca19b4b2deca889f46fb8196bef98e0e4ee7cb3daa511a2606358b
Assets/Game/Configs/OperationMaps/OperationMap_Compatibility_DesertBase01_BuildingPlacements.asset.meta	893b61b05655dbb34c57e3dd5ea624a066a695ded2bec763a471302e7c72c645
Assets/Game/Configs/OperationMaps/OperationMap_Compatibility_DesertBase01_VehiclePlacements.asset	9d65ca66573a6b66f2c355f93bc38ff28f129586ab6a9adb213bf7cd6e453a98
Assets/Game/Configs/OperationMaps/OperationMap_Compatibility_DesertBase01_VehiclePlacements.asset.meta	4c7d92a1151432cbedc92832e8594039b16e3bfbe3b2a2a8be10c7624ef7faf0
Assets/Game/Configs/OperationMaps/OperationMap_Staged_DesertBase01.asset	e933c20c51dbccb6fe3fff089ce5bc34acf3e543285c9e2aaf71b72219b3cb76
Assets/Game/Configs/OperationMaps/OperationMap_Staged_DesertBase01.asset.meta	b388051e1b3916fe9726160cb8773d88985a12abe35786972ae6819ccc40c3f6
Assets/Game/Configs/OperationMaps/Scenarios.meta	a6183553bec75ee403e4a02604309348d2e3b4b81fadf7336d0bcd0535d0e37c
Assets/Game/Configs/OperationMaps/Scenarios/ScenarioSetup_Skirmish_DesertBaseStandard.asset	af2764458715fae83a28f4c06ef9bbf39ccded01f2019785e4770025def531a2
Assets/Game/Configs/OperationMaps/Scenarios/ScenarioSetup_Skirmish_DesertBaseStandard.asset.meta	05e5478decfbb828266f539ec3a6f44a1dfc64c8930ec131805020dba334d3e9
Assets/Game/Configs/OperationMaps/Skirmish.meta	17a20ba55feaedf73080345ed5d9da5da9cef0bdebaac1fb3133d269d23c2f56
Assets/Game/Configs/OperationMaps/Skirmish/SkirmishDesertBase_MapWideCity_Config.asset	6d27d6b5acdf004f53a54a56d2d197b1c0b052b9f2dc92a0cb9d71ebbce813c1
Assets/Game/Configs/OperationMaps/Skirmish/SkirmishDesertBase_MapWideCity_Config.asset.meta	0c6a9d17ebebb9b9039339f42540f189af10e283f8d174039936530a10980051
Assets/Game/Configs/Scenarios/Chapter01.meta	0c8f03fdd3d80ee036d4bd37ad2c0f46aa357d235297c978d97f867a6da3df1f
Assets/Game/Configs/Scenarios/Chapter01/ScenarioSetup_Ch01_M01_FirstContact.asset	ef2e767388074d9925ee27fc3ebf7bfb5f221f0cf421c9cd5219f8633039bfd3
Assets/Game/Configs/Scenarios/Chapter01/ScenarioSetup_Ch01_M01_FirstContact.asset.meta	995ac4c8f658670ec7f79b7ab476221f8b901ced4b30b9356ed94a35a89abd5a
Assets/Game/Configs/Scenarios/Chapter01/ScenarioSetup_Ch01_M02_EstablishBase.asset	31d3efcb5ee793c20147525b29c564cb86c3f7a7c78d70b03ed11e5bd786472c
Assets/Game/Configs/Scenarios/Chapter01/ScenarioSetup_Ch01_M02_EstablishBase.asset.meta	26cc7ca20005ddf243c28380826fc0803cb8296a799686fa7fe386e9bc95eef0
Assets/Game/Configs/Scenarios/Chapter01/ScenarioSetup_Ch01_M03_RadarWarning.asset	896228dc67c3dd0237af1afe07330ac783eccdf08d34ad2fd4d2a8098ff5f838
Assets/Game/Configs/Scenarios/Chapter01/ScenarioSetup_Ch01_M03_RadarWarning.asset.meta	1a82374fccb226e2703e79f3f02ff8c5fd3707a9d230bd20cf5b64a6a3181449
Assets/Game/Configs/Scenarios/Chapter01/ScenarioSetup_Ch01_M04_Airlift.asset	50134204c0cb8c7572e307743f63d1db08b5813e549371f125a51848ab29c360
Assets/Game/Configs/Scenarios/Chapter01/ScenarioSetup_Ch01_M04_Airlift.asset.meta	4f7df4dadd6af7db17db5016676d298d9c8015d33f910c75f93f0d3c2e575cc0
Assets/Game/Configs/Scenarios/Chapter01/ScenarioSetup_Ch01_M05_BreachAssault.asset	1f07eacbb9a77f86e96e92e0ce0faec8708766eef2313360004d80b2fc61a371
Assets/Game/Configs/Scenarios/Chapter01/ScenarioSetup_Ch01_M05_BreachAssault.asset.meta	7e5c7d52eff0963df2f2abe1979210f7619624fba5af01ed88badbc66156b195
Assets/Game/Configs/Scenarios/Chapter02.meta	fffe5e359ccb2a89e2b805c1633dc31788b88eb1397373238e15cf31eef9d6fb
Assets/Game/Configs/Scenarios/Chapter02/ScenarioSetup_Ch02_M01_Gridlock.asset	d754a9be26b771d4d4ba8334d3a2ee3b9c2e9b032c878a136cc767f618da99a2
Assets/Game/Configs/Scenarios/Chapter02/ScenarioSetup_Ch02_M01_Gridlock.asset.meta	0c5242ed35c498ac85b698cb06faff0a55d5ef1cf50f60d1a59c6ef913af101c
Assets/Game/Configs/Scenarios/Chapter02/ScenarioSetup_Ch02_M02_SupplyLine.asset	02ef1890bec81d0b65f75aed770d4d050783db0cda93396b96ff5e4e02a610a5
Assets/Game/Configs/Scenarios/Chapter02/ScenarioSetup_Ch02_M02_SupplyLine.asset.meta	3db3077aad44b081c40becf472a7b33c03c88a356ecf240a164ae33577e66ba2
Assets/Game/Configs/Scenarios/Chapter02/ScenarioSetup_Ch02_M03_MarketLifeline.asset	2a8b9c3640435b21f99a4d777db320648b31ec5d3b7efc2f7f90b3998d6f6d0e
Assets/Game/Configs/Scenarios/Chapter02/ScenarioSetup_Ch02_M03_MarketLifeline.asset.meta	be3ff4b26b4e0b18b7e1d95870ca95855e44fecc67c0fda55cb38e86506458fb
Assets/Game/Configs/Scenarios/Chapter02/ScenarioSetup_Ch02_M04_PowerRelay.asset	9788518a0b5620c5205ac37c1296970038851debec99219bcbcc05c9f6f5244e
Assets/Game/Configs/Scenarios/Chapter02/ScenarioSetup_Ch02_M04_PowerRelay.asset.meta	977daeb95c7596457ad4d7297e39a571c1aa73dad713c2abbd75071a0cd46763
Assets/Game/Configs/Scenarios/Chapter02/ScenarioSetup_Ch02_M05_RouteReopened.asset	634395d774cdce1080c9ff01ff1be302316db745b1e302cdb5d23490e045734b
Assets/Game/Configs/Scenarios/Chapter02/ScenarioSetup_Ch02_M05_RouteReopened.asset.meta	24bd96f1c898b3ea5ed0833ec544bc9ead6fa3a1ff00054f47628e409b4bed9c
Assets/Game/Configs/Scenarios/Chapter03.meta	c23f1bfd9f74557c3bab0f9140d7b011186a2a65060089868eae08f740f4e018
Assets/Game/Configs/Scenarios/Chapter03/ScenarioSetup_Ch03_M01_SignalTrace.asset	36bc55fa3777fbe5ef943a68f5e4e76064fb57156515c3b9c1ff07e4eb06bd65
Assets/Game/Configs/Scenarios/Chapter03/ScenarioSetup_Ch03_M01_SignalTrace.asset.meta	58cbc1a9aaea1fbafcd8f3f63ff140caea02fd0bef103ce40f7ab0229b617a38
Assets/Game/Configs/Scenarios/Chapter03/ScenarioSetup_Ch03_M02_SafehouseSweep.asset	9b99ab1ee35a43d88c79a6a02819d3604ed2358985b1340b40b4ccdae752e6bb
Assets/Game/Configs/Scenarios/Chapter03/ScenarioSetup_Ch03_M02_SafehouseSweep.asset.meta	400909a3183032d79b5bd49a8bdd7dd8fa419ec2375a324bdf8bb7b5c7c81969
Assets/Game/Configs/Scenarios/Chapter03/ScenarioSetup_Ch03_M03_FalseFront.asset	4dac7fbb8b992eb987087f29bfc2b9c39a2192af5fbc06fc6c083dc20f57f9f7
Assets/Game/Configs/Scenarios/Chapter03/ScenarioSetup_Ch03_M03_FalseFront.asset.meta	084cd2ea0a06faa5a5865208ad99f2bbac523c1ae5a488f9378b3b3038afff15
Assets/Game/Configs/Scenarios/Chapter03/ScenarioSetup_Ch03_M04_EvidenceChain.asset	2dc77379cfae75df39060d79eb955d96b2fafb35e41412715aece043d6fd1808
Assets/Game/Configs/Scenarios/Chapter03/ScenarioSetup_Ch03_M04_EvidenceChain.asset.meta	1977b7f04bfc172d816899761778826b3fc10ece6fbdf143285150e02fd1da5c
Assets/Game/Configs/Scenarios/Chapter03/ScenarioSetup_Ch03_M05_NetworkBreak.asset	c20c80f9cb334e5fc3af12fdb55768c329c5cba5abb468c3fd805f7df7da733b
Assets/Game/Configs/Scenarios/Chapter03/ScenarioSetup_Ch03_M05_NetworkBreak.asset.meta	7911d1add04e0aceb2be3cf1a9f2ffb0c2d59eb66715f14ebea47acdfde83858
Assets/Game/Configs/Scenarios/Chapter04.meta	e7c4025a1f23b0a712e2422b30444febfbb8d83969e127447296ace5a6185241
Assets/Game/Configs/Scenarios/Chapter04/ScenarioSetup_Ch04_M01_AirCorridor.asset	e6912e6413a1868058164722d9f94c813f556554eb07a25db17b4137db50a5f2
Assets/Game/Configs/Scenarios/Chapter04/ScenarioSetup_Ch04_M01_AirCorridor.asset.meta	0ee542c5cec48a61cef4d1acd701d94fdfab2bb22924cac535fbb62c07bfd3ea
Assets/Game/Configs/Scenarios/Chapter04/ScenarioSetup_Ch04_M02_SteelPush.asset	c327a3c7e1cd1dc2337be079404a4b72d12eb5ebe47a80df1e09da39dc9f5728
Assets/Game/Configs/Scenarios/Chapter04/ScenarioSetup_Ch04_M02_SteelPush.asset.meta	034b3499d7fe48f4a31c48dcfbe211405aab5a6bf1da9969b3911f307c722129
Assets/Game/Configs/Scenarios/Chapter04/ScenarioSetup_Ch04_M03_SplitFront.asset	0ccfd495e000bb09088133f7603a4feb4b6f6af48a6cbb335ce4bed236357c06
Assets/Game/Configs/Scenarios/Chapter04/ScenarioSetup_Ch04_M03_SplitFront.asset.meta	d2ed3b16718d72c128be72a4af663da3b8abbc11ea29975fadf42343b1550227
Assets/Game/Scenes/MapPrototypes/Variants/MapVariant_AshLinePort.meta	f71116ad62db6ab6b902c6462441f71cf3ce3b989333bbe269db308dbe6ad754
Assets/Game/Scenes/MapPrototypes/Variants/MapVariant_AshLinePort.unity	4b2fa8145f14390ebbada88a0784e56c1aa37b54588affdac16fd5f0e995caed
Assets/Game/Scenes/MapPrototypes/Variants/MapVariant_AshLinePort.unity.meta	041cfa45335b43de48831b8779d68fbebf904aab9b2cea8e4c890138c767011f
Assets/Game/Scenes/MapPrototypes/Variants/MapVariant_AshLinePort/LightingData.asset	de9c8419870b6a0aa55ba15a891da2cff743c69357dc80c8dfe153381f7d5d27
Assets/Game/Scenes/MapPrototypes/Variants/MapVariant_AshLinePort/LightingData.asset.meta	2f1e7016afee54768a278cc28bb090405e8ae30e5b4f92617f94ab3104b350c1
Assets/Game/Scenes/MapPrototypes/Variants/MapVariant_AshLinePort/ReflectionProbe-0.exr	c8233954dadfc8cbf72330c9da062f97398f32cf9b692c3f7cf3ca708e245abe
Assets/Game/Scenes/MapPrototypes/Variants/MapVariant_AshLinePort/ReflectionProbe-0.exr.meta	221fe71fd5b46c061d5d872b0423747ee9f3d36b1524dfe8a0cefd6aa36ebcb5
Assets/Game/Scenes/MapPrototypes/Variants/MapVariant_CityEdgeAirfield.unity	d50c4e4bf0559e37bc568e536dd25ce102f72900bfd6c0ea884856ec6318926c
Assets/Game/Scenes/MapPrototypes/Variants/MapVariant_CityEdgeAirfield.unity.meta	7b8162c36200a7efa6a190fa977059d4a6d97e90ad5fe19936e48d3a17123140
Assets/Game/Scenes/MapPrototypes/Variants/MapVariant_Frontier.unity	70467158a6b9d554502cff914ed4956f741ceca0359f996a0c26b2b89ded9b93
Assets/Game/Scenes/MapPrototypes/Variants/MapVariant_Frontier.unity.meta	e5f007cd5b8877b0f639fcad3a5193edf18c9bceca7ccee256fa02524e1a4e0c
Assets/Game/Scenes/MapPrototypes/Variants/MapVariant_RefineryDistrict.unity	99169d6ef9cdad1b1b35cfa53adc8e5e7f0544c6a25d9c0bb84526d931d80c9d
Assets/Game/Scenes/MapPrototypes/Variants/MapVariant_RefineryDistrict.unity.meta	019dc900bdcba402dd6b2fc626fc0939d4b4db26f7a0025beaf272ef525e319e
Assets/Game/Scenes/OperationMaps/.DS_Store	94d2768e65418649cb0f9c17fffa2b5d6dd1cc134d377d0adbffe8029aa35041
Assets/Game/Scenes/OperationMaps/Skirmish.meta	3dd738e3d2070991df7b96ba00e483e28125491681ea4fa9202e172a9983a654
Assets/Game/Scenes/OperationMaps/Skirmish/Candidates.meta	089b8ede1987c03ea167c677a2c4533db6ef2ae996c88c5a26a65303fb0e044c
Assets/Game/Scenes/OperationMaps/Skirmish/Candidates/opmap_skirmish_desert_base_01_dense_city_authoring_candidate.unity	36537fb1d54eef219e962d8150894fe4f3602cf9066195c01debd03d98b4946e
Assets/Game/Scenes/OperationMaps/Skirmish/Candidates/opmap_skirmish_desert_base_01_dense_city_authoring_candidate.unity.meta	22dbcd60a55a65721221c324d221ae5ce443d44297b116792d350368f36c7869
Assets/Game/Scenes/OperationMaps/Skirmish/Candidates/opmap_skirmish_desert_base_01_entity_presentation_candidate.unity	7fd4b51ae56334e016b094810f9685ff67f5877f9420a885dc5b1de3d1cc330c
Assets/Game/Scenes/OperationMaps/Skirmish/Candidates/opmap_skirmish_desert_base_01_entity_presentation_candidate.unity.meta	98dff0245edc442510bac906590ea16d5593263d75e053645c09ddd442897995
Assets/Game/Scenes/OperationMaps/Skirmish/Candidates/opmap_skirmish_desert_base_01_entity_presentation_dense_city_candidate.unity	9ce9f7d1c3bfaf2f3da879a27bfb78732957c46d756ea8cf71a0c704d9e09038
Assets/Game/Scenes/OperationMaps/Skirmish/Candidates/opmap_skirmish_desert_base_01_entity_presentation_dense_city_candidate.unity.meta	44f0ba1b5c8f8038d7e4dcda9669c7ea6be1e32d6165635f41c0b0e88036e40d
Assets/Game/Scenes/OperationMaps/Skirmish/opmap_skirmish_desert_base_01.unity	f210e53df16b9dad1c96457b4e72c03260ac8ab215a3f4e959b97d54c904be88
Assets/Game/Scenes/OperationMaps/Skirmish/opmap_skirmish_desert_base_01.unity.meta	98b0d69bff8f1808f4e63096addb03fc0200d3e5107e89dd88f45d57ff96c7d8
Assets/Game/Scenes/OperationMaps/Skirmish/opmap_skirmish_desert_base_01_subscene.unity	eff3ce6992d234c7438a321f0f9f552c2abebcc0a4738445014bc8f86579965d
Assets/Game/Scenes/OperationMaps/Skirmish/opmap_skirmish_desert_base_01_subscene.unity.meta	227548a516756ca27c2c456176aa33ab327c65628f79547707a18d3492e255ff
