catalog_id,handoff_ordinal,remaining_after_three,legacy_runtime_index,map_id,operation_map_id,objective_id,army_profile,start_profile,definition_id,scenario_setup_id,layout_id,packet,objective_system,required_tickets,required_capabilities,asset_folder,first_visit_size,recommended_size,default_difficulty,regular_seeds,recruit_standard_en_seed,veteran_standard_en_seed,commander_standard_en_seed,war_regular_en_fa_seed,large_war_regular_en_fa_seed,implementation_status,manual_win,aria_win,checkpoint,device,evidence_path
S001,1,no,0,DB,opmap.skirmish.desert_base_01,BA,G,F,skirmish.s001,scenario.skirmish.s001,layout.skirmish.db.ba,Scenarios/DB_BA.md#s001,SkirmishBaseAssaultObjectiveSystem,SK-00;SK-01;SK-02;SK-03;SK-04;SK-05;SK-06;SK-10;SK-11;SK-12;SK-13,ground;intel;transport;advanced_ground;objective_ba,Assets/Game/Configs/SkirmishExpansion/Scenarios/S001,Standard,Standard,Regular,104730;130364;155922,196614,262148,327674,393242,458880,Planned,Pending,Pending,Pending,Pending,
S002,4,yes,,DB,opmap.skirmish.desert_base_01,BA,G,E,skirmish.s002,scenario.skirmish.s002,layout.skirmish.db.ba,Scenarios/DB_BA.md#s002,SkirmishBaseAssaultObjectiveSystem,SK-00;SK-01;SK-02;SK-03;SK-04;SK-05;SK-06;SK-10;SK-11;SK-12;SK-13,ground;intel;transport;advanced_ground;objective_ba,Assets/Game/Configs/SkirmishExpansion/Scenarios/S002,Standard,Standard,Regular,104731;130365;155923,196615,262149,327675,393243,458881,Planned,Pending,Pending,Pending,Pending,
S003,5,yes,,DB,opmap.skirmish.desert_base_01,BA,A,F,skirmish.s003,scenario.skirmish.s003,layout.skirmish.db.ba,Scenarios/DB_BA.md#s003,SkirmishBaseAssaultObjectiveSystem,SK-00;SK-01;SK-02;SK-03;SK-04;SK-05;SK-06;SK-10;SK-11;SK-12;SK-13,ground;intel;transport;offensive_air;advanced_air;objective_ba,Assets/Game/Configs/SkirmishExpansion/Scenarios/S003,Standard,War,Regular,104732;130366;155924,196616,262150,327676,393244,458882,Planned,Pending,Pending,Pending,Pending,
S004,6,yes,,DB,opmap.skirmish.desert_base_01,BA,A,E,skirmish.s004,scenario.skirmish.s004,layout.skirmish.db.ba,Scenarios/DB_BA.md#s004,SkirmishBaseAssaultObjectiveSystem,SK-00;SK-01;SK-02;SK-03;SK-04;SK-05;SK-06;SK-10;SK-11;SK-12;SK-13,ground;intel;transport;offensive_air;advanced_air;objective_ba,Assets/Game/Configs/SkirmishExpansion/Scenarios/S004,Standard,War,Regular,104733;130367;155925,196617,262151,327677,393245,458883,Planned,Pending,Pending,Pending,Pending,
S005,7,yes,,DB,opmap.skirmish.desert_base_01,BA,C,F,skirmish.s005,scenario.skirmish.s005,layout.skirmish.db.ba,Scenarios/DB_BA.md#s005,SkirmishBaseAssaultObjectiveSystem,SK-00;SK-01;SK-02;SK-03;SK-04;SK-05;SK-06;SK-10;SK-11;SK-12;SK-13,ground;intel;transport;offensive_air;advanced_ground;advanced_air;objective_ba,Assets/Game/Configs/SkirmishExpansion/Scenarios/S005,Standard,War,Regular,104734;130368;155926,196618,262152,327678,393246,458884,Planned,Pending,Pending,Pending,Pending,
S006,8,yes,,DB,opmap.skirmish.desert_base_01,BA,C,E,skirmish.s006,scenario.skirmish.s006,layout.skirmish.db.ba,Scenarios/DB_BA.md#s006,SkirmishBaseAssaultObjectiveSystem,SK-00;SK-01;SK-02;SK-03;SK-04;SK-05;SK-06;SK-10;SK-11;SK-12;SK-13,ground;intel;transport;offensive_air;advanced_ground;advanced_air;objective_ba,Assets/Game/Configs/SkirmishExpansion/Scenarios/S006,Standard,War,Regular,104735;130369;155927,196619,262153,327679,393247,458885,Planned,Pending,Pending,Pending,Pending,
S007,9,yes,,DB,opmap.skirmish.desert_base_01,FC,G,F,skirmish.s007,scenario.skirmish.s007,layout.skirmish.db.fc,Scenarios/DB_FC.md#s007,SkirmishFrontlineObjectiveSystem,SK-00;SK-01;SK-02;SK-03;SK-04;SK-05;SK-07;SK-10;SK-11;SK-12;SK-13,ground;intel;transport;advanced_ground;objective_fc,Assets/Game/Configs/SkirmishExpansion/Scenarios/S007,Standard,War,Regular,104736;130370;155928,196620,262154,327680,393248,458886,Planned,Pending,Pending,Pending,Pending,
S008,10,yes,,DB,opmap.skirmish.desert_base_01,FC,G,E,skirmish.s008,scenario.skirmish.s008,layout.skirmish.db.fc,Scenarios/DB_FC.md#s008,SkirmishFrontlineObjectiveSystem,SK-00;SK-01;SK-02;SK-03;SK-04;SK-05;SK-07;SK-10;SK-11;SK-12;SK-13,ground;intel;transport;advanced_ground;objective_fc,Assets/Game/Configs/SkirmishExpansion/Scenarios/S008,Standard,War,Regular,104737;130371;155929,196621,262155,327681,393249,458887,Planned,Pending,Pending,Pending,Pending,
S009,11,yes,,DB,opmap.skirmish.desert_base_01,FC,A,F,skirmish.s009,scenario.skirmish.s009,layout.skirmish.db.fc,Scenarios/DB_FC.md#s009,SkirmishFrontlineObjectiveSystem,SK-00;SK-01;SK-02;SK-03;SK-04;SK-05;SK-07;SK-10;SK-11;SK-12;SK-13,ground;intel;transport;offensive_air;advanced_air;objective_fc,Assets/Game/Configs/SkirmishExpansion/Scenarios/S009,Standard,War,Regular,104738;130372;155930,196622,262156,327682,393250,458888,Planned,Pending,Pending,Pending,Pending,
S010,12,yes,,DB,opmap.skirmish.desert_base_01,FC,A,E,skirmish.s010,scenario.skirmish.s010,layout.skirmish.db.fc,Scenarios/DB_FC.md#s010,SkirmishFrontlineObjectiveSystem,SK-00;SK-01;SK-02;SK-03;SK-04;SK-05;SK-07;SK-10;SK-11;SK-12;SK-13,ground;intel;transport;offensive_air;advanced_air;objective_fc,Assets/Game/Configs/SkirmishExpansion/Scenarios/S010,Standard,War,Regular,104739;130373;155931,196623,262157,327683,393251,458889,Planned,Pending,Pending,Pending,Pending,
S011,13,yes,,DB,opmap.skirmish.desert_base_01,FC,C,F,skirmish.s011,scenario.skirmish.s011,layout.skirmish.db.fc,Scenarios/DB_FC.md#s011,SkirmishFrontlineObjectiveSystem,SK-00;SK-01;SK-02;SK-03;SK-04;SK-05;SK-07;SK-10;SK-11;SK-12;SK-13,ground;intel;transport;offensive_air;advanced_ground;advanced_air;objective_fc,Assets/Game/Configs/SkirmishExpansion/Scenarios/S011,Standard,War,Regular,104740;130374;155932,196624,262158,327684,393252,458890,Planned,Pending,Pending,Pending,Pending,
S012,14,yes,,DB,opmap.skirmish.desert_base_01,FC,C,E,skirmish.s012,scenario.skirmish.s012,layout.skirmish.db.fc,Scenarios/DB_FC.md#s012,SkirmishFrontlineObjectiveSystem,SK-00;SK-01;SK-02;SK-03;SK-04;SK-05;SK-07;SK-10;SK-11;SK-12;SK-13,ground;intel;transport;offensive_air;advanced_ground;advanced_air;objective_fc,Assets/Game/Configs/SkirmishExpansion/Scenarios/S012,Standard,War,Regular,104741;130375;155933,196625,262159,327685,393253,458891,Planned,Pending,Pending,Pending,Pending,
S013,15,yes,,DB,opmap.skirmish.desert_base_01,BT,G,F,skirmish.s013,scenario.skirmish.s013,layout.skirmish.db.bt,Scenarios/DB_BT.md#s013,SkirmishBreakthroughObjectiveSystem,SK-00;SK-01;SK-02;SK-03;SK-04;SK-05;SK-08;SK-10;SK-11;SK-12;SK-13,ground;intel;transport;advanced_ground;objective_bt,Assets/Game/Configs/SkirmishExpansion/Scenarios/S013,Standard,War,Regular,104742;130376;155934,196626,262160,327686,393254,458892,Planned,Pending,Pending,Pending,Pending,
S014,16,yes,,DB,opmap.skirmish.desert_base_01,BT,G,E,skirmish.s014,scenario.skirmish.s014,layout.skirmish.db.bt,Scenarios/DB_BT.md#s014,SkirmishBreakthroughObjectiveSystem,SK-00;SK-01;SK-02;SK-03;SK-04;SK-05;SK-08;SK-10;SK-11;SK-12;SK-13,ground;intel;transport;advanced_ground;objective_bt,Assets/Game/Configs/SkirmishExpansion/Scenarios/S014,Standard,War,Regular,104743;130377;155935,196627,262161,327687,393255,458893,Planned,Pending,Pending,Pending,Pending,
S015,17,yes,,DB,opmap.skirmish.desert_base_01,BT,A,F,skirmish.s015,scenario.skirmish.s015,layout.skirmish.db.bt,Scenarios/DB_BT.md#s015,SkirmishBreakthroughObjectiveSystem,SK-00;SK-01;SK-02;SK-03;SK-04;SK-05;SK-08;SK-10;SK-11;SK-12;SK-13,ground;intel;transport;offensive_air;advanced_air;objective_bt,Assets/Game/Configs/SkirmishExpansion/Scenarios/S015,Standard,War,Regular,104744;130378;155936,196628,262162,327688,393256,458894,Planned,Pending,Pending,Pending,Pending,
S016,18,yes,,DB,opmap.skirmish.desert_base_01,BT,A,E,skirmish.s016,scenario.skirmish.s016,layout.skirmish.db.bt,Scenarios/DB_BT.md#s016,SkirmishBreakthroughObjectiveSystem,SK-00;SK-01;SK-02;SK-03;SK-04;SK-05;SK-08;SK-10;SK-11;SK-12;SK-13,ground;intel;transport;offensive_air;advanced_air;objective_bt,Assets/Game/Configs/SkirmishExpansion/Scenarios/S016,Standard,War,Regular,104745;130379;155937,196629,262163,327689,393257,458895,Planned,Pending,Pending,Pending,Pending,
S017,19,yes,,DB,opmap.skirmish.desert_base_01,BT,C,F,skirmish.s017,scenario.skirmish.s017,layout.skirmish.db.bt,Scenarios/DB_BT.md#s017,SkirmishBreakthroughObjectiveSystem,SK-00;SK-01;SK-02;SK-03;SK-04;SK-05;SK-08;SK-10;SK-11;SK-12;SK-13,ground;intel;transport;offensive_air;advanced_ground;advanced_air;objective_bt,Assets/Game/Configs/SkirmishExpansion/Scenarios/S017,Standard,War,Regular,104746;130380;155938,196630,262164,327690,393258,458896,Planned,Pending,Pending,Pending,Pending,
S018,20,yes,,DB,opmap.skirmish.desert_base_01,BT,C,E,skirmish.s018,scenario.skirmish.s018,layout.skirmish.db.bt,Scenarios/DB_BT.md#s018,SkirmishBreakthroughObjectiveSystem,SK-00;SK-01;SK-02;SK-03;SK-04;SK-05;SK-08;SK-10;SK-11;SK-12;SK-13,ground;intel;transport;offensive_air;advanced_ground;advanced_air;objective_bt,Assets/Game/Configs/SkirmishExpansion/Scenarios/S018,Standard,War,Regular,104747;130381;155939,196631,262165,327691,393259,458897,Planned,Pending,Pending,Pending,Pending,
S019,21,yes,,DB,opmap.skirmish.desert_base_01,CE,G,F,skirmish.s019,scenario.skirmish.s019,layout.skirmish.db.ce,Scenarios/DB_CE.md#s019,SkirmishConvoyObjectiveSystem,SK-00;SK-01;SK-02;SK-03;SK-04;SK-05;SK-09;SK-10;SK-11;SK-12;SK-13,ground;intel;transport;advanced_ground;objective_ce;vehicle_repair,Assets/Game/Configs/SkirmishExpansion/Scenarios/S019,Standard,War,Regular,104748;130382;155940,196632,262166,327692,393260,458898,Planned,Pending,Pending,Pending,Pending,
S020,22,yes,,DB,opmap.skirmish.desert_base_01,CE,G,E,skirmish.s020,scenario.skirmish.s020,layout.skirmish.db.ce,Scenarios/DB_CE.md#s020,SkirmishConvoyObjectiveSystem,SK-00;SK-01;SK-02;SK-03;SK-04;SK-05;SK-09;SK-10;SK-11;SK-12;SK-13,ground;intel;transport;advanced_ground;objective_ce;vehicle_repair,Assets/Game/Configs/SkirmishExpansion/Scenarios/S020,Standard,War,Regular,104749;130383;155941,196633,262167,327693,393261,458899,Planned,Pending,Pending,Pending,Pending,
S021,23,yes,,DB,opmap.skirmish.desert_base_01,CE,A,F,skirmish.s021,scenario.skirmish.s021,layout.skirmish.db.ce,Scenarios/DB_CE.md#s021,SkirmishConvoyObjectiveSystem,SK-00;SK-01;SK-02;SK-03;SK-04;SK-05;SK-09;SK-10;SK-11;SK-12;SK-13,ground;intel;transport;offensive_air;advanced_air;objective_ce;vehicle_repair,Assets/Game/Configs/SkirmishExpansion/Scenarios/S021,Standard,War,Regular,104750;130384;155942,196634,262168,327694,393262,458900,Planned,Pending,Pending,Pending,Pending,
S022,24,yes,,DB,opmap.skirmish.desert_base_01,CE,A,E,skirmish.s022,scenario.skirmish.s022,layout.skirmish.db.ce,Scenarios/DB_CE.md#s022,SkirmishConvoyObjectiveSystem,SK-00;SK-01;SK-02;SK-03;SK-04;SK-05;SK-09;SK-10;SK-11;SK-12;SK-13,ground;intel;transport;offensive_air;advanced_air;objective_ce;vehicle_repair,Assets/Game/Configs/SkirmishExpansion/Scenarios/S022,Standard,War,Regular,104751;130385;155943,196635,262169,327695,393263,458901,Planned,Pending,Pending,Pending,Pending,
S023,25,yes,,DB,opmap.skirmish.desert_base_01,CE,C,F,skirmish.s023,scenario.skirmish.s023,layout.skirmish.db.ce,Scenarios/DB_CE.md#s023,SkirmishConvoyObjectiveSystem,SK-00;SK-01;SK-02;SK-03;SK-04;SK-05;SK-09;SK-10;SK-11;SK-12;SK-13,ground;intel;transport;offensive_air;advanced_ground;advanced_air;objective_ce;vehicle_repair,Assets/Game/Configs/SkirmishExpansion/Scenarios/S023,Standard,War,Regular,104752;130386;155944,196636,262170,327696,393264,458902,Planned,Pending,Pending,Pending,Pending,
S024,26,yes,,DB,opmap.skirmish.desert_base_01,CE,C,E,skirmish.s024,scenario.skirmish.s024,layout.skirmish.db.ce,Scenarios/DB_CE.md#s024,SkirmishConvoyObjectiveSystem,SK-00;SK-01;SK-02;SK-03;SK-04;SK-05;SK-09;SK-10;SK-11;SK-12;SK-13,ground;intel;transport;offensive_air;advanced_ground;advanced_air;objective_ce;vehicle_repair,Assets/Game/Configs/SkirmishExpansion/Scenarios/S024,Standard,War,Regular,104753;130387;155945,196637,262171,327697,393265,458903,Planned,Pending,Pending,Pending,Pending,
S025,2,no,1,CC,opmap.skirmish.city_crossroads,BA,G,F,skirmish.s025,scenario.skirmish.s025,layout.skirmish.cc.ba,Scenarios/CC_BA.md#s025,SkirmishBaseAssaultObjectiveSystem,SK-00;SK-01;SK-02;SK-03;SK-04;SK-05;SK-06;SK-10;SK-11;SK-12;SK-13,ground;intel;transport;advanced_ground;objective_ba,Assets/Game/Configs/SkirmishExpansion/Scenarios/S025,Standard,Standard,Regular,104754;130388;155946,196638,262172,327698,393266,458904,Planned,Pending,Pending,Pending,Pending,
S026,27,yes,,CC,opmap.skirmish.city_crossroads,BA,G,E,skirmish.s026,scenario.skirmish.s026,layout.skirmish.cc.ba,Scenarios/CC_BA.md#s026,SkirmishBaseAssaultObjectiveSystem,SK-00;SK-01;SK-02;SK-03;SK-04;SK-05;SK-06;SK-10;SK-11;SK-12;SK-13,ground;intel;transport;advanced_ground;objective_ba,Assets/Game/Configs/SkirmishExpansion/Scenarios/S026,Standard,Standard,Regular,104755;130389;155947,196639,262173,327699,393267,458905,Planned,Pending,Pending,Pending,Pending,
S027,28,yes,,CC,opmap.skirmish.city_crossroads,BA,A,F,skirmish.s027,scenario.skirmish.s027,layout.skirmish.cc.ba,Scenarios/CC_BA.md#s027,SkirmishBaseAssaultObjectiveSystem,SK-00;SK-01;SK-02;SK-03;SK-04;SK-05;SK-06;SK-10;SK-11;SK-12;SK-13,ground;intel;transport;offensive_air;advanced_air;objective_ba,Assets/Game/Configs/SkirmishExpansion/Scenarios/S027,Standard,War,Regular,104756;130390;155948,196640,262174,327700,393268,458906,Planned,Pending,Pending,Pending,Pending,
S028,29,yes,,CC,opmap.skirmish.city_crossroads,BA,A,E,skirmish.s028,scenario.skirmish.s028,layout.skirmish.cc.ba,Scenarios/CC_BA.md#s028,SkirmishBaseAssaultObjectiveSystem,SK-00;SK-01;SK-02;SK-03;SK-04;SK-05;SK-06;SK-10;SK-11;SK-12;SK-13,ground;intel;transport;offensive_air;advanced_air;objective_ba,Assets/Game/Configs/SkirmishExpansion/Scenarios/S028,Standard,War,Regular,104757;130391;155949,196641,262175,327701,393269,458907,Planned,Pending,Pending,Pending,Pending,
S029,30,yes,,CC,opmap.skirmish.city_crossroads,BA,C,F,skirmish.s029,scenario.skirmish.s029,layout.skirmish.cc.ba,Scenarios/CC_BA.md#s029,SkirmishBaseAssaultObjectiveSystem,SK-00;SK-01;SK-02;SK-03;SK-04;SK-05;SK-06;SK-10;SK-11;SK-12;SK-13,ground;intel;transport;offensive_air;advanced_ground;advanced_air;objective_ba,Assets/Game/Configs/SkirmishExpansion/Scenarios/S029,Standard,War,Regular,104758;130392;155950,196642,262176,327702,393270,458908,Planned,Pending,Pending,Pending,Pending,
S030,31,yes,,CC,opmap.skirmish.city_crossroads,BA,C,E,skirmish.s030,scenario.skirmish.s030,layout.skirmish.cc.ba,Scenarios/CC_BA.md#s030,SkirmishBaseAssaultObjectiveSystem,SK-00;SK-01;SK-02;SK-03;SK-04;SK-05;SK-06;SK-10;SK-11;SK-12;SK-13,ground;intel;transport;offensive_air;advanced_ground;advanced_air;objective_ba,Assets/Game/Configs/SkirmishExpansion/Scenarios/S030,Standard,War,Regular,104759;130393;155951,196643,262177,327703,393271,458909,Planned,Pending,Pending,Pending,Pending,
S031,32,yes,,CC,opmap.skirmish.city_crossroads,FC,G,F,skirmish.s031,scenario.skirmish.s031,layout.skirmish.cc.fc,Scenarios/CC_FC.md#s031,SkirmishFrontlineObjectiveSystem,SK-00;SK-01;SK-02;SK-03;SK-04;SK-05;SK-07;SK-10;SK-11;SK-12;SK-13,ground;intel;transport;advanced_ground;objective_fc,Assets/Game/Configs/SkirmishExpansion/Scenarios/S031,Standard,War,Regular,104760;130394;155952,196644,262178,327704,393272,458910,Planned,Pending,Pending,Pending,Pending,
S032,33,yes,,CC,opmap.skirmish.city_crossroads,FC,G,E,skirmish.s032,scenario.skirmish.s032,layout.skirmish.cc.fc,Scenarios/CC_FC.md#s032,SkirmishFrontlineObjectiveSystem,SK-00;SK-01;SK-02;SK-03;SK-04;SK-05;SK-07;SK-10;SK-11;SK-12;SK-13,ground;intel;transport;advanced_ground;objective_fc,Assets/Game/Configs/SkirmishExpansion/Scenarios/S032,Standard,War,Regular,104761;130395;155953,196645,262179,327705,393273,458911,Planned,Pending,Pending,Pending,Pending,
S033,34,yes,,CC,opmap.skirmish.city_crossroads,FC,A,F,skirmish.s033,scenario.skirmish.s033,layout.skirmish.cc.fc,Scenarios/CC_FC.md#s033,SkirmishFrontlineObjectiveSystem,SK-00;SK-01;SK-02;SK-03;SK-04;SK-05;SK-07;SK-10;SK-11;SK-12;SK-13,ground;intel;transport;offensive_air;advanced_air;objective_fc,Assets/Game/Configs/SkirmishExpansion/Scenarios/S033,Standard,War,Regular,104762;130396;155954,196646,262180,327706,393274,458912,Planned,Pending,Pending,Pending,Pending,
S034,35,yes,,CC,opmap.skirmish.city_crossroads,FC,A,E,skirmish.s034,scenario.skirmish.s034,layout.skirmish.cc.fc,Scenarios/CC_FC.md#s034,SkirmishFrontlineObjectiveSystem,SK-00;SK-01;SK-02;SK-03;SK-04;SK-05;SK-07;SK-10;SK-11;SK-12;SK-13,ground;intel;transport;offensive_air;advanced_air;objective_fc,Assets/Game/Configs/SkirmishExpansion/Scenarios/S034,Standard,War,Regular,104763;130397;155955,196647,262181,327707,393275,458913,Planned,Pending,Pending,Pending,Pending,
S035,36,yes,,CC,opmap.skirmish.city_crossroads,FC,C,F,skirmish.s035,scenario.skirmish.s035,layout.skirmish.cc.fc,Scenarios/CC_FC.md#s035,SkirmishFrontlineObjectiveSystem,SK-00;SK-01;SK-02;SK-03;SK-04;SK-05;SK-07;SK-10;SK-11;SK-12;SK-13,ground;intel;transport;offensive_air;advanced_ground;advanced_air;objective_fc,Assets/Game/Configs/SkirmishExpansion/Scenarios/S035,Standard,War,Regular,104764;130398;155956,196648,262182,327708,393276,458914,Planned,Pending,Pending,Pending,Pending,
S036,37,yes,,CC,opmap.skirmish.city_crossroads,FC,C,E,skirmish.s036,scenario.skirmish.s036,layout.skirmish.cc.fc,Scenarios/CC_FC.md#s036,SkirmishFrontlineObjectiveSystem,SK-00;SK-01;SK-02;SK-03;SK-04;SK-05;SK-07;SK-10;SK-11;SK-12;SK-13,ground;intel;transport;offensive_air;advanced_ground;advanced_air;objective_fc,Assets/Game/Configs/SkirmishExpansion/Scenarios/S036,Standard,War,Regular,104765;130399;155957,196649,262183,327709,393277,458915,Planned,Pending,Pending,Pending,Pending,
S037,38,yes,,CC,opmap.skirmish.city_crossroads,BT,G,F,skirmish.s037,scenario.skirmish.s037,layout.skirmish.cc.bt,Scenarios/CC_BT.md#s037,SkirmishBreakthroughObjectiveSystem,SK-00;SK-01;SK-02;SK-03;SK-04;SK-05;SK-08;SK-10;SK-11;SK-12;SK-13,ground;intel;transport;advanced_ground;objective_bt,Assets/Game/Configs/SkirmishExpansion/Scenarios/S037,Standard,War,Regular,104766;130400;155958,196650,262184,327710,393278,458916,Planned,Pending,Pending,Pending,Pending,
S038,39,yes,,CC,opmap.skirmish.city_crossroads,BT,G,E,skirmish.s038,scenario.skirmish.s038,layout.skirmish.cc.bt,Scenarios/CC_BT.md#s038,SkirmishBreakthroughObjectiveSystem,SK-00;SK-01;SK-02;SK-03;SK-04;SK-05;SK-08;SK-10;SK-11;SK-12;SK-13,ground;intel;transport;advanced_ground;objective_bt,Assets/Game/Configs/SkirmishExpansion/Scenarios/S038,Standard,War,Regular,104767;130401;155959,196651,262185,327711,393279,458917,Planned,Pending,Pending,Pending,Pending,
S039,40,yes,,CC,opmap.skirmish.city_crossroads,BT,A,F,skirmish.s039,scenario.skirmish.s039,layout.skirmish.cc.bt,Scenarios/CC_BT.md#s039,SkirmishBreakthroughObjectiveSystem,SK-00;SK-01;SK-02;SK-03;SK-04;SK-05;SK-08;SK-10;SK-11;SK-12;SK-13,ground;intel;transport;offensive_air;advanced_air;objective_bt,Assets/Game/Configs/SkirmishExpansion/Scenarios/S039,Standard,War,Regular,104768;130402;155960,196652,262186,327712,393280,458918,Planned,Pending,Pending,Pending,Pending,
S040,41,yes,,CC,opmap.skirmish.city_crossroads,BT,A,E,skirmish.s040,scenario.skirmish.s040,layout.skirmish.cc.bt,Scenarios/CC_BT.md#s040,SkirmishBreakthroughObjectiveSystem,SK-00;SK-01;SK-02;SK-03;SK-04;SK-05;SK-08;SK-10;SK-11;SK-12;SK-13,ground;intel;transport;offensive_air;advanced_air;objective_bt,Assets/Game/Configs/SkirmishExpansion/Scenarios/S040,Standard,War,Regular,104769;130403;155961,196653,262187,327713,393281,458919,Planned,Pending,Pending,Pending,Pending,
S041,42,yes,,CC,opmap.skirmish.city_crossroads,BT,C,F,skirmish.s041,scenario.skirmish.s041,layout.skirmish.cc.bt,Scenarios/CC_BT.md#s041,SkirmishBreakthroughObjectiveSystem,SK-00;SK-01;SK-02;SK-03;SK-04;SK-05;SK-08;SK-10;SK-11;SK-12;SK-13,ground;intel;transport;offensive_air;advanced_ground;advanced_air;objective_bt,Assets/Game/Configs/SkirmishExpansion/Scenarios/S041,Standard,War,Regular,104770;130404;155962,196654,262188,327714,393282,458920,Planned,Pending,Pending,Pending,Pending,
S042,43,yes,,CC,opmap.skirmish.city_crossroads,BT,C,E,skirmish.s042,scenario.skirmish.s042,layout.skirmish.cc.bt,Scenarios/CC_BT.md#s042,SkirmishBreakthroughObjectiveSystem,SK-00;SK-01;SK-02;SK-03;SK-04;SK-05;SK-08;SK-10;SK-11;SK-12;SK-13,ground;intel;transport;offensive_air;advanced_ground;advanced_air;objective_bt,Assets/Game/Configs/SkirmishExpansion/Scenarios/S042,Standard,War,Regular,104771;130405;155963,196655,262189,327715,393283,458921,Planned,Pending,Pending,Pending,Pending,
S043,44,yes,,CC,opmap.skirmish.city_crossroads,CE,G,F,skirmish.s043,scenario.skirmish.s043,layout.skirmish.cc.ce,Scenarios/CC_CE.md#s043,SkirmishConvoyObjectiveSystem,SK-00;SK-01;SK-02;SK-03;SK-04;SK-05;SK-09;SK-10;SK-11;SK-12;SK-13,ground;intel;transport;advanced_ground;objective_ce;vehicle_repair,Assets/Game/Configs/SkirmishExpansion/Scenarios/S043,Standard,War,Regular,104772;130406;155964,196656,262190,327716,393284,458922,Planned,Pending,Pending,Pending,Pending,
S044,45,yes,,CC,opmap.skirmish.city_crossroads,CE,G,E,skirmish.s044,scenario.skirmish.s044,layout.skirmish.cc.ce,Scenarios/CC_CE.md#s044,SkirmishConvoyObjectiveSystem,SK-00;SK-01;SK-02;SK-03;SK-04;SK-05;SK-09;SK-10;SK-11;SK-12;SK-13,ground;intel;transport;advanced_ground;objective_ce;vehicle_repair,Assets/Game/Configs/SkirmishExpansion/Scenarios/S044,Standard,War,Regular,104773;130407;155965,196657,262191,327717,393285,458923,Planned,Pending,Pending,Pending,Pending,
S045,46,yes,,CC,opmap.skirmish.city_crossroads,CE,A,F,skirmish.s045,scenario.skirmish.s045,layout.skirmish.cc.ce,Scenarios/CC_CE.md#s045,SkirmishConvoyObjectiveSystem,SK-00;SK-01;SK-02;SK-03;SK-04;SK-05;SK-09;SK-10;SK-11;SK-12;SK-13,ground;intel;transport;offensive_air;advanced_air;objective_ce;vehicle_repair,Assets/Game/Configs/SkirmishExpansion/Scenarios/S045,Standard,War,Regular,104774;130408;155966,196658,262192,327718,393286,458924,Planned,Pending,Pending,Pending,Pending,
S046,47,yes,,CC,opmap.skirmish.city_crossroads,CE,A,E,skirmish.s046,scenario.skirmish.s046,layout.skirmish.cc.ce,Scenarios/CC_CE.md#s046,SkirmishConvoyObjectiveSystem,SK-00;SK-01;SK-02;SK-03;SK-04;SK-05;SK-09;SK-10;SK-11;SK-12;SK-13,ground;intel;transport;offensive_air;advanced_air;objective_ce;vehicle_repair,Assets/Game/Configs/SkirmishExpansion/Scenarios/S046,Standard,War,Regular,104775;130409;155967,196659,262193,327719,393287,458925,Planned,Pending,Pending,Pending,Pending,
S047,48,yes,,CC,opmap.skirmish.city_crossroads,CE,C,F,skirmish.s047,scenario.skirmish.s047,layout.skirmish.cc.ce,Scenarios/CC_CE.md#s047,SkirmishConvoyObjectiveSystem,SK-00;SK-01;SK-02;SK-03;SK-04;SK-05;SK-09;SK-10;SK-11;SK-12;SK-13,ground;intel;transport;offensive_air;advanced_ground;advanced_air;objective_ce;vehicle_repair,Assets/Game/Configs/SkirmishExpansion/Scenarios/S047,Standard,War,Regular,104776;130410;155968,196660,262194,327720,393288,458926,Planned,Pending,Pending,Pending,Pending,
S048,49,yes,,CC,opmap.skirmish.city_crossroads,CE,C,E,skirmish.s048,scenario.skirmish.s048,layout.skirmish.cc.ce,Scenarios/CC_CE.md#s048,SkirmishConvoyObjectiveSystem,SK-00;SK-01;SK-02;SK-03;SK-04;SK-05;SK-09;SK-10;SK-11;SK-12;SK-13,ground;intel;transport;offensive_air;advanced_ground;advanced_air;objective_ce;vehicle_repair,Assets/Game/Configs/SkirmishExpansion/Scenarios/S048,Standard,War,Regular,104777;130411;155969,196661,262195,327721,393289,458927,Planned,Pending,Pending,Pending,Pending,
S049,50,yes,,MP,opmap.skirmish.mountain_pass,BA,G,F,skirmish.s049,scenario.skirmish.s049,layout.skirmish.mp.ba,Scenarios/MP_BA.md#s049,SkirmishBaseAssaultObjectiveSystem,SK-00;SK-01;SK-02;SK-03;SK-04;SK-05;SK-06;SK-10;SK-11;SK-12;SK-13,ground;intel;transport;advanced_ground;objective_ba,Assets/Game/Configs/SkirmishExpansion/Scenarios/S049,Standard,Standard,Regular,104778;130412;155970,196662,262196,327722,393290,458928,Planned,Pending,Pending,Pending,Pending,
S050,51,yes,,MP,opmap.skirmish.mountain_pass,BA,G,E,skirmish.s050,scenario.skirmish.s050,layout.skirmish.mp.ba,Scenarios/MP_BA.md#s050,SkirmishBaseAssaultObjectiveSystem,SK-00;SK-01;SK-02;SK-03;SK-04;SK-05;SK-06;SK-10;SK-11;SK-12;SK-13,ground;intel;transport;advanced_ground;objective_ba,Assets/Game/Configs/SkirmishExpansion/Scenarios/S050,Standard,Standard,Regular,104779;130413;155971,196663,262197,327723,393291,458929,Planned,Pending,Pending,Pending,Pending,
S051,52,yes,,MP,opmap.skirmish.mountain_pass,BA,A,F,skirmish.s051,scenario.skirmish.s051,layout.skirmish.mp.ba,Scenarios/MP_BA.md#s051,SkirmishBaseAssaultObjectiveSystem,SK-00;SK-01;SK-02;SK-03;SK-04;SK-05;SK-06;SK-10;SK-11;SK-12;SK-13,ground;intel;transport;offensive_air;advanced_air;objective_ba,Assets/Game/Configs/SkirmishExpansion/Scenarios/S051,Standard,War,Regular,104780;130414;155972,196664,262198,327724,393292,458930,Planned,Pending,Pending,Pending,Pending,
S052,53,yes,,MP,opmap.skirmish.mountain_pass,BA,A,E,skirmish.s052,scenario.skirmish.s052,layout.skirmish.mp.ba,Scenarios/MP_BA.md#s052,SkirmishBaseAssaultObjectiveSystem,SK-00;SK-01;SK-02;SK-03;SK-04;SK-05;SK-06;SK-10;SK-11;SK-12;SK-13,ground;intel;transport;offensive_air;advanced_air;objective_ba,Assets/Game/Configs/SkirmishExpansion/Scenarios/S052,Standard,War,Regular,104781;130415;155973,196665,262199,327725,393293,458931,Planned,Pending,Pending,Pending,Pending,
S053,54,yes,,MP,opmap.skirmish.mountain_pass,BA,C,F,skirmish.s053,scenario.skirmish.s053,layout.skirmish.mp.ba,Scenarios/MP_BA.md#s053,SkirmishBaseAssaultObjectiveSystem,SK-00;SK-01;SK-02;SK-03;SK-04;SK-05;SK-06;SK-10;SK-11;SK-12;SK-13,ground;intel;transport;offensive_air;advanced_ground;advanced_air;objective_ba,Assets/Game/Configs/SkirmishExpansion/Scenarios/S053,Standard,War,Regular,104782;130416;155974,196666,262200,327726,393294,458932,Planned,Pending,Pending,Pending,Pending,
S054,55,yes,,MP,opmap.skirmish.mountain_pass,BA,C,E,skirmish.s054,scenario.skirmish.s054,layout.skirmish.mp.ba,Scenarios/MP_BA.md#s054,SkirmishBaseAssaultObjectiveSystem,SK-00;SK-01;SK-02;SK-03;SK-04;SK-05;SK-06;SK-10;SK-11;SK-12;SK-13,ground;intel;transport;offensive_air;advanced_ground;advanced_air;objective_ba,Assets/Game/Configs/SkirmishExpansion/Scenarios/S054,Standard,War,Regular,104783;130417;155975,196667,262201,327727,393295,458933,Planned,Pending,Pending,Pending,Pending,
S055,56,yes,,MP,opmap.skirmish.mountain_pass,FC,G,F,skirmish.s055,scenario.skirmish.s055,layout.skirmish.mp.fc,Scenarios/MP_FC.md#s055,SkirmishFrontlineObjectiveSystem,SK-00;SK-01;SK-02;SK-03;SK-04;SK-05;SK-07;SK-10;SK-11;SK-12;SK-13,ground;intel;transport;advanced_ground;objective_fc,Assets/Game/Configs/SkirmishExpansion/Scenarios/S055,Standard,War,Regular,104784;130418;155976,196668,262202,327728,393296,458934,Planned,Pending,Pending,Pending,Pending,
S056,57,yes,,MP,opmap.skirmish.mountain_pass,FC,G,E,skirmish.s056,scenario.skirmish.s056,layout.skirmish.mp.fc,Scenarios/MP_FC.md#s056,SkirmishFrontlineObjectiveSystem,SK-00;SK-01;SK-02;SK-03;SK-04;SK-05;SK-07;SK-10;SK-11;SK-12;SK-13,ground;intel;transport;advanced_ground;objective_fc,Assets/Game/Configs/SkirmishExpansion/Scenarios/S056,Standard,War,Regular,104785;130419;155977,196669,262203,327729,393297,458935,Planned,Pending,Pending,Pending,Pending,
S057,58,yes,,MP,opmap.skirmish.mountain_pass,FC,A,F,skirmish.s057,scenario.skirmish.s057,layout.skirmish.mp.fc,Scenarios/MP_FC.md#s057,SkirmishFrontlineObjectiveSystem,SK-00;SK-01;SK-02;SK-03;SK-04;SK-05;SK-07;SK-10;SK-11;SK-12;SK-13,ground;intel;transport;offensive_air;advanced_air;objective_fc,Assets/Game/Configs/SkirmishExpansion/Scenarios/S057,Standard,War,Regular,104786;130420;155978,196670,262204,327730,393298,458936,Planned,Pending,Pending,Pending,Pending,
S058,59,yes,,MP,opmap.skirmish.mountain_pass,FC,A,E,skirmish.s058,scenario.skirmish.s058,layout.skirmish.mp.fc,Scenarios/MP_FC.md#s058,SkirmishFrontlineObjectiveSystem,SK-00;SK-01;SK-02;SK-03;SK-04;SK-05;SK-07;SK-10;SK-11;SK-12;SK-13,ground;intel;transport;offensive_air;advanced_air;objective_fc,Assets/Game/Configs/SkirmishExpansion/Scenarios/S058,Standard,War,Regular,104787;130421;155979,196671,262205,327731,393299,458937,Planned,Pending,Pending,Pending,Pending,
S059,60,yes,,MP,opmap.skirmish.mountain_pass,FC,C,F,skirmish.s059,scenario.skirmish.s059,layout.skirmish.mp.fc,Scenarios/MP_FC.md#s059,SkirmishFrontlineObjectiveSystem,SK-00;SK-01;SK-02;SK-03;SK-04;SK-05;SK-07;SK-10;SK-11;SK-12;SK-13,ground;intel;transport;offensive_air;advanced_ground;advanced_air;objective_fc,Assets/Game/Configs/SkirmishExpansion/Scenarios/S059,Standard,War,Regular,104788;130422;155980,196672,262206,327732,393300,458938,Planned,Pending,Pending,Pending,Pending,
S060,61,yes,,MP,opmap.skirmish.mountain_pass,FC,C,E,skirmish.s060,scenario.skirmish.s060,layout.skirmish.mp.fc,Scenarios/MP_FC.md#s060,SkirmishFrontlineObjectiveSystem,SK-00;SK-01;SK-02;SK-03;SK-04;SK-05;SK-07;SK-10;SK-11;SK-12;SK-13,ground;intel;transport;offensive_air;advanced_ground;advanced_air;objective_fc,Assets/Game/Configs/SkirmishExpansion/Scenarios/S060,Standard,War,Regular,104789;130423;155981,196673,262207,327733,393301,458939,Planned,Pending,Pending,Pending,Pending,
S061,62,yes,,MP,opmap.skirmish.mountain_pass,BT,G,F,skirmish.s061,scenario.skirmish.s061,layout.skirmish.mp.bt,Scenarios/MP_BT.md#s061,SkirmishBreakthroughObjectiveSystem,SK-00;SK-01;SK-02;SK-03;SK-04;SK-05;SK-08;SK-10;SK-11;SK-12;SK-13,ground;intel;transport;advanced_ground;objective_bt,Assets/Game/Configs/SkirmishExpansion/Scenarios/S061,Standard,War,Regular,104790;130424;155982,196674,262208,327734,393302,458940,Planned,Pending,Pending,Pending,Pending,
S062,63,yes,,MP,opmap.skirmish.mountain_pass,BT,G,E,skirmish.s062,scenario.skirmish.s062,layout.skirmish.mp.bt,Scenarios/MP_BT.md#s062,SkirmishBreakthroughObjectiveSystem,SK-00;SK-01;SK-02;SK-03;SK-04;SK-05;SK-08;SK-10;SK-11;SK-12;SK-13,ground;intel;transport;advanced_ground;objective_bt,Assets/Game/Configs/SkirmishExpansion/Scenarios/S062,Standard,War,Regular,104791;130425;155983,196675,262209,327735,393303,458941,Planned,Pending,Pending,Pending,Pending,
S063,64,yes,,MP,opmap.skirmish.mountain_pass,BT,A,F,skirmish.s063,scenario.skirmish.s063,layout.skirmish.mp.bt,Scenarios/MP_BT.md#s063,SkirmishBreakthroughObjectiveSystem,SK-00;SK-01;SK-02;SK-03;SK-04;SK-05;SK-08;SK-10;SK-11;SK-12;SK-13,ground;intel;transport;offensive_air;advanced_air;objective_bt,Assets/Game/Configs/SkirmishExpansion/Scenarios/S063,Standard,War,Regular,104792;130426;155984,196676,262210,327736,393304,458942,Planned,Pending,Pending,Pending,Pending,
S064,65,yes,,MP,opmap.skirmish.mountain_pass,BT,A,E,skirmish.s064,scenario.skirmish.s064,layout.skirmish.mp.bt,Scenarios/MP_BT.md#s064,SkirmishBreakthroughObjectiveSystem,SK-00;SK-01;SK-02;SK-03;SK-04;SK-05;SK-08;SK-10;SK-11;SK-12;SK-13,ground;intel;transport;offensive_air;advanced_air;objective_bt,Assets/Game/Configs/SkirmishExpansion/Scenarios/S064,Standard,War,Regular,104793;130427;155985,196677,262211,327737,393305,458943,Planned,Pending,Pending,Pending,Pending,
S065,66,yes,,MP,opmap.skirmish.mountain_pass,BT,C,F,skirmish.s065,scenario.skirmish.s065,layout.skirmish.mp.bt,Scenarios/MP_BT.md#s065,SkirmishBreakthroughObjectiveSystem,SK-00;SK-01;SK-02;SK-03;SK-04;SK-05;SK-08;SK-10;SK-11;SK-12;SK-13,ground;intel;transport;offensive_air;advanced_ground;advanced_air;objective_bt,Assets/Game/Configs/SkirmishExpansion/Scenarios/S065,Standard,War,Regular,104794;130428;155986,196678,262212,327738,393306,458944,Planned,Pending,Pending,Pending,Pending,
S066,67,yes,,MP,opmap.skirmish.mountain_pass,BT,C,E,skirmish.s066,scenario.skirmish.s066,layout.skirmish.mp.bt,Scenarios/MP_BT.md#s066,SkirmishBreakthroughObjectiveSystem,SK-00;SK-01;SK-02;SK-03;SK-04;SK-05;SK-08;SK-10;SK-11;SK-12;SK-13,ground;intel;transport;offensive_air;advanced_ground;advanced_air;objective_bt,Assets/Game/Configs/SkirmishExpansion/Scenarios/S066,Standard,War,Regular,104795;130429;155987,196679,262213,327739,393307,458945,Planned,Pending,Pending,Pending,Pending,
S067,68,yes,,MP,opmap.skirmish.mountain_pass,CE,G,F,skirmish.s067,scenario.skirmish.s067,layout.skirmish.mp.ce,Scenarios/MP_CE.md#s067,SkirmishConvoyObjectiveSystem,SK-00;SK-01;SK-02;SK-03;SK-04;SK-05;SK-09;SK-10;SK-11;SK-12;SK-13,ground;intel;transport;advanced_ground;objective_ce;vehicle_repair,Assets/Game/Configs/SkirmishExpansion/Scenarios/S067,Standard,War,Regular,104796;130430;155988,196680,262214,327740,393308,458946,Planned,Pending,Pending,Pending,Pending,
S068,69,yes,,MP,opmap.skirmish.mountain_pass,CE,G,E,skirmish.s068,scenario.skirmish.s068,layout.skirmish.mp.ce,Scenarios/MP_CE.md#s068,SkirmishConvoyObjectiveSystem,SK-00;SK-01;SK-02;SK-03;SK-04;SK-05;SK-09;SK-10;SK-11;SK-12;SK-13,ground;intel;transport;advanced_ground;objective_ce;vehicle_repair,Assets/Game/Configs/SkirmishExpansion/Scenarios/S068,Standard,War,Regular,104797;130431;155989,196681,262215,327741,393309,458947,Planned,Pending,Pending,Pending,Pending,
S069,70,yes,,MP,opmap.skirmish.mountain_pass,CE,A,F,skirmish.s069,scenario.skirmish.s069,layout.skirmish.mp.ce,Scenarios/MP_CE.md#s069,SkirmishConvoyObjectiveSystem,SK-00;SK-01;SK-02;SK-03;SK-04;SK-05;SK-09;SK-10;SK-11;SK-12;SK-13,ground;intel;transport;offensive_air;advanced_air;objective_ce;vehicle_repair,Assets/Game/Configs/SkirmishExpansion/Scenarios/S069,Standard,War,Regular,104798;130432;155990,196682,262216,327742,393310,458948,Planned,Pending,Pending,Pending,Pending,
S070,71,yes,,MP,opmap.skirmish.mountain_pass,CE,A,E,skirmish.s070,scenario.skirmish.s070,layout.skirmish.mp.ce,Scenarios/MP_CE.md#s070,SkirmishConvoyObjectiveSystem,SK-00;SK-01;SK-02;SK-03;SK-04;SK-05;SK-09;SK-10;SK-11;SK-12;SK-13,ground;intel;transport;offensive_air;advanced_air;objective_ce;vehicle_repair,Assets/Game/Configs/SkirmishExpansion/Scenarios/S070,Standard,War,Regular,104799;130433;155991,196683,262217,327743,393311,458949,Planned,Pending,Pending,Pending,Pending,
S071,72,yes,,MP,opmap.skirmish.mountain_pass,CE,C,F,skirmish.s071,scenario.skirmish.s071,layout.skirmish.mp.ce,Scenarios/MP_CE.md#s071,SkirmishConvoyObjectiveSystem,SK-00;SK-01;SK-02;SK-03;SK-04;SK-05;SK-09;SK-10;SK-11;SK-12;SK-13,ground;intel;transport;offensive_air;advanced_ground;advanced_air;objective_ce;vehicle_repair,Assets/Game/Configs/SkirmishExpansion/Scenarios/S071,Standard,War,Regular,104800;130434;155992,196684,262218,327744,393312,458950,Planned,Pending,Pending,Pending,Pending,
S072,73,yes,,MP,opmap.skirmish.mountain_pass,CE,C,E,skirmish.s072,scenario.skirmish.s072,layout.skirmish.mp.ce,Scenarios/MP_CE.md#s072,SkirmishConvoyObjectiveSystem,SK-00;SK-01;SK-02;SK-03;SK-04;SK-05;SK-09;SK-10;SK-11;SK-12;SK-13,ground;intel;transport;offensive_air;advanced_ground;advanced_air;objective_ce;vehicle_repair,Assets/Game/Configs/SkirmishExpansion/Scenarios/S072,Standard,War,Regular,104801;130435;155993,196685,262219,327745,393313,458951,Planned,Pending,Pending,Pending,Pending,
S073,3,no,3,IB,opmap.skirmish.industrial_basin,BA,G,F,skirmish.s073,scenario.skirmish.s073,layout.skirmish.ib.ba,Scenarios/IB_BA.md#s073,SkirmishBaseAssaultObjectiveSystem,SK-00;SK-01;SK-02;SK-03;SK-04;SK-05;SK-06;SK-10;SK-11;SK-12;SK-13,ground;intel;transport;advanced_ground;objective_ba,Assets/Game/Configs/SkirmishExpansion/Scenarios/S073,Standard,Standard,Regular,104802;130436;155994,196686,262220,327746,393314,458952,Planned,Pending,Pending,Pending,Pending,
S074,74,yes,,IB,opmap.skirmish.industrial_basin,BA,G,E,skirmish.s074,scenario.skirmish.s074,layout.skirmish.ib.ba,Scenarios/IB_BA.md#s074,SkirmishBaseAssaultObjectiveSystem,SK-00;SK-01;SK-02;SK-03;SK-04;SK-05;SK-06;SK-10;SK-11;SK-12;SK-13,ground;intel;transport;advanced_ground;objective_ba,Assets/Game/Configs/SkirmishExpansion/Scenarios/S074,Standard,Standard,Regular,104803;130437;155995,196687,262221,327747,393315,458953,Planned,Pending,Pending,Pending,Pending,
S075,75,yes,,IB,opmap.skirmish.industrial_basin,BA,A,F,skirmish.s075,scenario.skirmish.s075,layout.skirmish.ib.ba,Scenarios/IB_BA.md#s075,SkirmishBaseAssaultObjectiveSystem,SK-00;SK-01;SK-02;SK-03;SK-04;SK-05;SK-06;SK-10;SK-11;SK-12;SK-13,ground;intel;transport;offensive_air;advanced_air;objective_ba,Assets/Game/Configs/SkirmishExpansion/Scenarios/S075,Standard,War,Regular,104804;130438;155996,196688,262222,327748,393316,458954,Planned,Pending,Pending,Pending,Pending,
S076,76,yes,,IB,opmap.skirmish.industrial_basin,BA,A,E,skirmish.s076,scenario.skirmish.s076,layout.skirmish.ib.ba,Scenarios/IB_BA.md#s076,SkirmishBaseAssaultObjectiveSystem,SK-00;SK-01;SK-02;SK-03;SK-04;SK-05;SK-06;SK-10;SK-11;SK-12;SK-13,ground;intel;transport;offensive_air;advanced_air;objective_ba,Assets/Game/Configs/SkirmishExpansion/Scenarios/S076,Standard,War,Regular,104805;130439;155997,196689,262223,327749,393317,458955,Planned,Pending,Pending,Pending,Pending,
S077,77,yes,,IB,opmap.skirmish.industrial_basin,BA,C,F,skirmish.s077,scenario.skirmish.s077,layout.skirmish.ib.ba,Scenarios/IB_BA.md#s077,SkirmishBaseAssaultObjectiveSystem,SK-00;SK-01;SK-02;SK-03;SK-04;SK-05;SK-06;SK-10;SK-11;SK-12;SK-13,ground;intel;transport;offensive_air;advanced_ground;advanced_air;objective_ba,Assets/Game/Configs/SkirmishExpansion/Scenarios/S077,Standard,War,Regular,104806;130440;155998,196690,262224,327750,393318,458956,Planned,Pending,Pending,Pending,Pending,
S078,78,yes,,IB,opmap.skirmish.industrial_basin,BA,C,E,skirmish.s078,scenario.skirmish.s078,layout.skirmish.ib.ba,Scenarios/IB_BA.md#s078,SkirmishBaseAssaultObjectiveSystem,SK-00;SK-01;SK-02;SK-03;SK-04;SK-05;SK-06;SK-10;SK-11;SK-12;SK-13,ground;intel;transport;offensive_air;advanced_ground;advanced_air;objective_ba,Assets/Game/Configs/SkirmishExpansion/Scenarios/S078,Standard,War,Regular,104807;130441;155999,196691,262225,327751,393319,458957,Planned,Pending,Pending,Pending,Pending,
S079,79,yes,,IB,opmap.skirmish.industrial_basin,FC,G,F,skirmish.s079,scenario.skirmish.s079,layout.skirmish.ib.fc,Scenarios/IB_FC.md#s079,SkirmishFrontlineObjectiveSystem,SK-00;SK-01;SK-02;SK-03;SK-04;SK-05;SK-07;SK-10;SK-11;SK-12;SK-13,ground;intel;transport;advanced_ground;objective_fc,Assets/Game/Configs/SkirmishExpansion/Scenarios/S079,Standard,War,Regular,104808;130442;156000,196692,262226,327752,393320,458958,Planned,Pending,Pending,Pending,Pending,
S080,80,yes,,IB,opmap.skirmish.industrial_basin,FC,G,E,skirmish.s080,scenario.skirmish.s080,layout.skirmish.ib.fc,Scenarios/IB_FC.md#s080,SkirmishFrontlineObjectiveSystem,SK-00;SK-01;SK-02;SK-03;SK-04;SK-05;SK-07;SK-10;SK-11;SK-12;SK-13,ground;intel;transport;advanced_ground;objective_fc,Assets/Game/Configs/SkirmishExpansion/Scenarios/S080,Standard,War,Regular,104809;130443;156001,196693,262227,327753,393321,458959,Planned,Pending,Pending,Pending,Pending,
S081,81,yes,,IB,opmap.skirmish.industrial_basin,FC,A,F,skirmish.s081,scenario.skirmish.s081,layout.skirmish.ib.fc,Scenarios/IB_FC.md#s081,SkirmishFrontlineObjectiveSystem,SK-00;SK-01;SK-02;SK-03;SK-04;SK-05;SK-07;SK-10;SK-11;SK-12;SK-13,ground;intel;transport;offensive_air;advanced_air;objective_fc,Assets/Game/Configs/SkirmishExpansion/Scenarios/S081,Standard,War,Regular,104810;130444;156002,196694,262228,327754,393322,458960,Planned,Pending,Pending,Pending,Pending,
S082,82,yes,,IB,opmap.skirmish.industrial_basin,FC,A,E,skirmish.s082,scenario.skirmish.s082,layout.skirmish.ib.fc,Scenarios/IB_FC.md#s082,SkirmishFrontlineObjectiveSystem,SK-00;SK-01;SK-02;SK-03;SK-04;SK-05;SK-07;SK-10;SK-11;SK-12;SK-13,ground;intel;transport;offensive_air;advanced_air;objective_fc,Assets/Game/Configs/SkirmishExpansion/Scenarios/S082,Standard,War,Regular,104811;130445;156003,196695,262229,327755,393323,458961,Planned,Pending,Pending,Pending,Pending,
S083,83,yes,,IB,opmap.skirmish.industrial_basin,FC,C,F,skirmish.s083,scenario.skirmish.s083,layout.skirmish.ib.fc,Scenarios/IB_FC.md#s083,SkirmishFrontlineObjectiveSystem,SK-00;SK-01;SK-02;SK-03;SK-04;SK-05;SK-07;SK-10;SK-11;SK-12;SK-13,ground;intel;transport;offensive_air;advanced_ground;advanced_air;objective_fc,Assets/Game/Configs/SkirmishExpansion/Scenarios/S083,Standard,War,Regular,104812;130446;156004,196696,262230,327756,393324,458962,Planned,Pending,Pending,Pending,Pending,
S084,84,yes,,IB,opmap.skirmish.industrial_basin,FC,C,E,skirmish.s084,scenario.skirmish.s084,layout.skirmish.ib.fc,Scenarios/IB_FC.md#s084,SkirmishFrontlineObjectiveSystem,SK-00;SK-01;SK-02;SK-03;SK-04;SK-05;SK-07;SK-10;SK-11;SK-12;SK-13,ground;intel;transport;offensive_air;advanced_ground;advanced_air;objective_fc,Assets/Game/Configs/SkirmishExpansion/Scenarios/S084,Standard,War,Regular,104813;130447;156005,196697,262231,327757,393325,458963,Planned,Pending,Pending,Pending,Pending,
S085,85,yes,,IB,opmap.skirmish.industrial_basin,BT,G,F,skirmish.s085,scenario.skirmish.s085,layout.skirmish.ib.bt,Scenarios/IB_BT.md#s085,SkirmishBreakthroughObjectiveSystem,SK-00;SK-01;SK-02;SK-03;SK-04;SK-05;SK-08;SK-10;SK-11;SK-12;SK-13,ground;intel;transport;advanced_ground;objective_bt,Assets/Game/Configs/SkirmishExpansion/Scenarios/S085,Standard,War,Regular,104814;130448;156006,196698,262232,327758,393326,458964,Planned,Pending,Pending,Pending,Pending,
S086,86,yes,,IB,opmap.skirmish.industrial_basin,BT,G,E,skirmish.s086,scenario.skirmish.s086,layout.skirmish.ib.bt,Scenarios/IB_BT.md#s086,SkirmishBreakthroughObjectiveSystem,SK-00;SK-01;SK-02;SK-03;SK-04;SK-05;SK-08;SK-10;SK-11;SK-12;SK-13,ground;intel;transport;advanced_ground;objective_bt,Assets/Game/Configs/SkirmishExpansion/Scenarios/S086,Standard,War,Regular,104815;130449;156007,196699,262233,327759,393327,458965,Planned,Pending,Pending,Pending,Pending,
S087,87,yes,,IB,opmap.skirmish.industrial_basin,BT,A,F,skirmish.s087,scenario.skirmish.s087,layout.skirmish.ib.bt,Scenarios/IB_BT.md#s087,SkirmishBreakthroughObjectiveSystem,SK-00;SK-01;SK-02;SK-03;SK-04;SK-05;SK-08;SK-10;SK-11;SK-12;SK-13,ground;intel;transport;offensive_air;advanced_air;objective_bt,Assets/Game/Configs/SkirmishExpansion/Scenarios/S087,Standard,War,Regular,104816;130450;156008,196700,262234,327760,393328,458966,Planned,Pending,Pending,Pending,Pending,
S088,88,yes,,IB,opmap.skirmish.industrial_basin,BT,A,E,skirmish.s088,scenario.skirmish.s088,layout.skirmish.ib.bt,Scenarios/IB_BT.md#s088,SkirmishBreakthroughObjectiveSystem,SK-00;SK-01;SK-02;SK-03;SK-04;SK-05;SK-08;SK-10;SK-11;SK-12;SK-13,ground;intel;transport;offensive_air;advanced_air;objective_bt,Assets/Game/Configs/SkirmishExpansion/Scenarios/S088,Standard,War,Regular,104817;130451;156009,196701,262235,327761,393329,458967,Planned,Pending,Pending,Pending,Pending,
S089,89,yes,,IB,opmap.skirmish.industrial_basin,BT,C,F,skirmish.s089,scenario.skirmish.s089,layout.skirmish.ib.bt,Scenarios/IB_BT.md#s089,SkirmishBreakthroughObjectiveSystem,SK-00;SK-01;SK-02;SK-03;SK-04;SK-05;SK-08;SK-10;SK-11;SK-12;SK-13,ground;intel;transport;offensive_air;advanced_ground;advanced_air;objective_bt,Assets/Game/Configs/SkirmishExpansion/Scenarios/S089,Standard,War,Regular,104818;130452;156010,196702,262236,327762,393330,458968,Planned,Pending,Pending,Pending,Pending,
S090,90,yes,,IB,opmap.skirmish.industrial_basin,BT,C,E,skirmish.s090,scenario.skirmish.s090,layout.skirmish.ib.bt,Scenarios/IB_BT.md#s090,SkirmishBreakthroughObjectiveSystem,SK-00;SK-01;SK-02;SK-03;SK-04;SK-05;SK-08;SK-10;SK-11;SK-12;SK-13,ground;intel;transport;offensive_air;advanced_ground;advanced_air;objective_bt,Assets/Game/Configs/SkirmishExpansion/Scenarios/S090,Standard,War,Regular,104819;130453;156011,196703,262237,327763,393331,458969,Planned,Pending,Pending,Pending,Pending,
S091,91,yes,,IB,opmap.skirmish.industrial_basin,CE,G,F,skirmish.s091,scenario.skirmish.s091,layout.skirmish.ib.ce,Scenarios/IB_CE.md#s091,SkirmishConvoyObjectiveSystem,SK-00;SK-01;SK-02;SK-03;SK-04;SK-05;SK-09;SK-10;SK-11;SK-12;SK-13,ground;intel;transport;advanced_ground;objective_ce;vehicle_repair,Assets/Game/Configs/SkirmishExpansion/Scenarios/S091,Standard,War,Regular,104820;130454;156012,196704,262238,327764,393332,458970,Planned,Pending,Pending,Pending,Pending,
S092,92,yes,,IB,opmap.skirmish.industrial_basin,CE,G,E,skirmish.s092,scenario.skirmish.s092,layout.skirmish.ib.ce,Scenarios/IB_CE.md#s092,SkirmishConvoyObjectiveSystem,SK-00;SK-01;SK-02;SK-03;SK-04;SK-05;SK-09;SK-10;SK-11;SK-12;SK-13,ground;intel;transport;advanced_ground;objective_ce;vehicle_repair,Assets/Game/Configs/SkirmishExpansion/Scenarios/S092,Standard,War,Regular,104821;130455;156013,196705,262239,327765,393333,458971,Planned,Pending,Pending,Pending,Pending,
S093,93,yes,,IB,opmap.skirmish.industrial_basin,CE,A,F,skirmish.s093,scenario.skirmish.s093,layout.skirmish.ib.ce,Scenarios/IB_CE.md#s093,SkirmishConvoyObjectiveSystem,SK-00;SK-01;SK-02;SK-03;SK-04;SK-05;SK-09;SK-10;SK-11;SK-12;SK-13,ground;intel;transport;offensive_air;advanced_air;objective_ce;vehicle_repair,Assets/Game/Configs/SkirmishExpansion/Scenarios/S093,Standard,War,Regular,104822;130456;156014,196706,262240,327766,393334,458972,Planned,Pending,Pending,Pending,Pending,
S094,94,yes,,IB,opmap.skirmish.industrial_basin,CE,A,E,skirmish.s094,scenario.skirmish.s094,layout.skirmish.ib.ce,Scenarios/IB_CE.md#s094,SkirmishConvoyObjectiveSystem,SK-00;SK-01;SK-02;SK-03;SK-04;SK-05;SK-09;SK-10;SK-11;SK-12;SK-13,ground;intel;transport;offensive_air;advanced_air;objective_ce;vehicle_repair,Assets/Game/Configs/SkirmishExpansion/Scenarios/S094,Standard,War,Regular,104823;130457;156015,196707,262241,327767,393335,458973,Planned,Pending,Pending,Pending,Pending,
S095,95,yes,,IB,opmap.skirmish.industrial_basin,CE,C,F,skirmish.s095,scenario.skirmish.s095,layout.skirmish.ib.ce,Scenarios/IB_CE.md#s095,SkirmishConvoyObjectiveSystem,SK-00;SK-01;SK-02;SK-03;SK-04;SK-05;SK-09;SK-10;SK-11;SK-12;SK-13,ground;intel;transport;offensive_air;advanced_ground;advanced_air;objective_ce;vehicle_repair,Assets/Game/Configs/SkirmishExpansion/Scenarios/S095,Standard,War,Regular,104824;130458;156016,196708,262242,327768,393336,458974,Planned,Pending,Pending,Pending,Pending,
S096,96,yes,,IB,opmap.skirmish.industrial_basin,CE,C,E,skirmish.s096,scenario.skirmish.s096,layout.skirmish.ib.ce,Scenarios/IB_CE.md#s096,SkirmishConvoyObjectiveSystem,SK-00;SK-01;SK-02;SK-03;SK-04;SK-05;SK-09;SK-10;SK-11;SK-12;SK-13,ground;intel;transport;offensive_air;advanced_ground;advanced_air;objective_ce;vehicle_repair,Assets/Game/Configs/SkirmishExpansion/Scenarios/S096,Standard,War,Regular,104825;130459;156017,196709,262243,327769,393337,458975,Planned,Pending,Pending,Pending,Pending,
S097,97,yes,,AP,opmap.skirmish.airfield_plains,BA,G,F,skirmish.s097,scenario.skirmish.s097,layout.skirmish.ap.ba,Scenarios/AP_BA.md#s097,SkirmishBaseAssaultObjectiveSystem,SK-00;SK-01;SK-02;SK-03;SK-04;SK-05;SK-06;SK-10;SK-11;SK-12;SK-13,ground;intel;transport;advanced_ground;objective_ba,Assets/Game/Configs/SkirmishExpansion/Scenarios/S097,Standard,Standard,Regular,104826;130460;156018,196710,262244,327770,393338,458976,Planned,Pending,Pending,Pending,Pending,
S098,98,yes,,AP,opmap.skirmish.airfield_plains,BA,G,E,skirmish.s098,scenario.skirmish.s098,layout.skirmish.ap.ba,Scenarios/AP_BA.md#s098,SkirmishBaseAssaultObjectiveSystem,SK-00;SK-01;SK-02;SK-03;SK-04;SK-05;SK-06;SK-10;SK-11;SK-12;SK-13,ground;intel;transport;advanced_ground;objective_ba,Assets/Game/Configs/SkirmishExpansion/Scenarios/S098,Standard,Standard,Regular,104827;130461;156019,196711,262245,327771,393339,458977,Planned,Pending,Pending,Pending,Pending,
S099,99,yes,,AP,opmap.skirmish.airfield_plains,BA,A,F,skirmish.s099,scenario.skirmish.s099,layout.skirmish.ap.ba,Scenarios/AP_BA.md#s099,SkirmishBaseAssaultObjectiveSystem,SK-00;SK-01;SK-02;SK-03;SK-04;SK-05;SK-06;SK-10;SK-11;SK-12;SK-13,ground;intel;transport;offensive_air;advanced_air;objective_ba,Assets/Game/Configs/SkirmishExpansion/Scenarios/S099,Standard,War,Regular,104828;130462;156020,196712,262246,327772,393340,458978,Planned,Pending,Pending,Pending,Pending,
S100,100,yes,,AP,opmap.skirmish.airfield_plains,BA,A,E,skirmish.s100,scenario.skirmish.s100,layout.skirmish.ap.ba,Scenarios/AP_BA.md#s100,SkirmishBaseAssaultObjectiveSystem,SK-00;SK-01;SK-02;SK-03;SK-04;SK-05;SK-06;SK-10;SK-11;SK-12;SK-13,ground;intel;transport;offensive_air;advanced_air;objective_ba,Assets/Game/Configs/SkirmishExpansion/Scenarios/S100,Standard,War,Regular,104829;130463;156021,196713,262247,327773,393341,458979,Planned,Pending,Pending,Pending,Pending,
S101,101,yes,,AP,opmap.skirmish.airfield_plains,BA,C,F,skirmish.s101,scenario.skirmish.s101,layout.skirmish.ap.ba,Scenarios/AP_BA.md#s101,SkirmishBaseAssaultObjectiveSystem,SK-00;SK-01;SK-02;SK-03;SK-04;SK-05;SK-06;SK-10;SK-11;SK-12;SK-13,ground;intel;transport;offensive_air;advanced_ground;advanced_air;objective_ba,Assets/Game/Configs/SkirmishExpansion/Scenarios/S101,Standard,War,Regular,104830;130464;156022,196714,262248,327774,393342,458980,Planned,Pending,Pending,Pending,Pending,
S102,102,yes,,AP,opmap.skirmish.airfield_plains,BA,C,E,skirmish.s102,scenario.skirmish.s102,layout.skirmish.ap.ba,Scenarios/AP_BA.md#s102,SkirmishBaseAssaultObjectiveSystem,SK-00;SK-01;SK-02;SK-03;SK-04;SK-05;SK-06;SK-10;SK-11;SK-12;SK-13,ground;intel;transport;offensive_air;advanced_ground;advanced_air;objective_ba,Assets/Game/Configs/SkirmishExpansion/Scenarios/S102,Standard,War,Regular,104831;130465;156023,196715,262249,327775,393343,458981,Planned,Pending,Pending,Pending,Pending,
S103,103,yes,,AP,opmap.skirmish.airfield_plains,FC,G,F,skirmish.s103,scenario.skirmish.s103,layout.skirmish.ap.fc,Scenarios/AP_FC.md#s103,SkirmishFrontlineObjectiveSystem,SK-00;SK-01;SK-02;SK-03;SK-04;SK-05;SK-07;SK-10;SK-11;SK-12;SK-13,ground;intel;transport;advanced_ground;objective_fc,Assets/Game/Configs/SkirmishExpansion/Scenarios/S103,Standard,War,Regular,104832;130466;156024,196716,262250,327776,393344,458982,Planned,Pending,Pending,Pending,Pending,
S104,104,yes,,AP,opmap.skirmish.airfield_plains,FC,G,E,skirmish.s104,scenario.skirmish.s104,layout.skirmish.ap.fc,Scenarios/AP_FC.md#s104,SkirmishFrontlineObjectiveSystem,SK-00;SK-01;SK-02;SK-03;SK-04;SK-05;SK-07;SK-10;SK-11;SK-12;SK-13,ground;intel;transport;advanced_ground;objective_fc,Assets/Game/Configs/SkirmishExpansion/Scenarios/S104,Standard,War,Regular,104833;130467;156025,196717,262251,327777,393345,458983,Planned,Pending,Pending,Pending,Pending,
S105,105,yes,,AP,opmap.skirmish.airfield_plains,FC,A,F,skirmish.s105,scenario.skirmish.s105,layout.skirmish.ap.fc,Scenarios/AP_FC.md#s105,SkirmishFrontlineObjectiveSystem,SK-00;SK-01;SK-02;SK-03;SK-04;SK-05;SK-07;SK-10;SK-11;SK-12;SK-13,ground;intel;transport;offensive_air;advanced_air;objective_fc,Assets/Game/Configs/SkirmishExpansion/Scenarios/S105,Standard,War,Regular,104834;130468;156026,196718,262252,327778,393346,458984,Planned,Pending,Pending,Pending,Pending,
S106,106,yes,,AP,opmap.skirmish.airfield_plains,FC,A,E,skirmish.s106,scenario.skirmish.s106,layout.skirmish.ap.fc,Scenarios/AP_FC.md#s106,SkirmishFrontlineObjectiveSystem,SK-00;SK-01;SK-02;SK-03;SK-04;SK-05;SK-07;SK-10;SK-11;SK-12;SK-13,ground;intel;transport;offensive_air;advanced_air;objective_fc,Assets/Game/Configs/SkirmishExpansion/Scenarios/S106,Standard,War,Regular,104835;130469;156027,196719,262253,327779,393347,458985,Planned,Pending,Pending,Pending,Pending,
S107,107,yes,,AP,opmap.skirmish.airfield_plains,FC,C,F,skirmish.s107,scenario.skirmish.s107,layout.skirmish.ap.fc,Scenarios/AP_FC.md#s107,SkirmishFrontlineObjectiveSystem,SK-00;SK-01;SK-02;SK-03;SK-04;SK-05;SK-07;SK-10;SK-11;SK-12;SK-13,ground;intel;transport;offensive_air;advanced_ground;advanced_air;objective_fc,Assets/Game/Configs/SkirmishExpansion/Scenarios/S107,Standard,War,Regular,104836;130470;156028,196720,262254,327780,393348,458986,Planned,Pending,Pending,Pending,Pending,
S108,108,yes,,AP,opmap.skirmish.airfield_plains,FC,C,E,skirmish.s108,scenario.skirmish.s108,layout.skirmish.ap.fc,Scenarios/AP_FC.md#s108,SkirmishFrontlineObjectiveSystem,SK-00;SK-01;SK-02;SK-03;SK-04;SK-05;SK-07;SK-10;SK-11;SK-12;SK-13,ground;intel;transport;offensive_air;advanced_ground;advanced_air;objective_fc,Assets/Game/Configs/SkirmishExpansion/Scenarios/S108,Standard,War,Regular,104837;130471;156029,196721,262255,327781,393349,458987,Planned,Pending,Pending,Pending,Pending,
S109,109,yes,,AP,opmap.skirmish.airfield_plains,BT,G,F,skirmish.s109,scenario.skirmish.s109,layout.skirmish.ap.bt,Scenarios/AP_BT.md#s109,SkirmishBreakthroughObjectiveSystem,SK-00;SK-01;SK-02;SK-03;SK-04;SK-05;SK-08;SK-10;SK-11;SK-12;SK-13,ground;intel;transport;advanced_ground;objective_bt,Assets/Game/Configs/SkirmishExpansion/Scenarios/S109,Standard,War,Regular,104838;130472;156030,196722,262256,327782,393350,458988,Planned,Pending,Pending,Pending,Pending,
S110,110,yes,,AP,opmap.skirmish.airfield_plains,BT,G,E,skirmish.s110,scenario.skirmish.s110,layout.skirmish.ap.bt,Scenarios/AP_BT.md#s110,SkirmishBreakthroughObjectiveSystem,SK-00;SK-01;SK-02;SK-03;SK-04;SK-05;SK-08;SK-10;SK-11;SK-12;SK-13,ground;intel;transport;advanced_ground;objective_bt,Assets/Game/Configs/SkirmishExpansion/Scenarios/S110,Standard,War,Regular,104839;130473;156031,196723,262257,327783,393351,458989,Planned,Pending,Pending,Pending,Pending,
S111,111,yes,,AP,opmap.skirmish.airfield_plains,BT,A,F,skirmish.s111,scenario.skirmish.s111,layout.skirmish.ap.bt,Scenarios/AP_BT.md#s111,SkirmishBreakthroughObjectiveSystem,SK-00;SK-01;SK-02;SK-03;SK-04;SK-05;SK-08;SK-10;SK-11;SK-12;SK-13,ground;intel;transport;offensive_air;advanced_air;objective_bt,Assets/Game/Configs/SkirmishExpansion/Scenarios/S111,Standard,War,Regular,104840;130474;156032,196724,262258,327784,393352,458990,Planned,Pending,Pending,Pending,Pending,
S112,112,yes,,AP,opmap.skirmish.airfield_plains,BT,A,E,skirmish.s112,scenario.skirmish.s112,layout.skirmish.ap.bt,Scenarios/AP_BT.md#s112,SkirmishBreakthroughObjectiveSystem,SK-00;SK-01;SK-02;SK-03;SK-04;SK-05;SK-08;SK-10;SK-11;SK-12;SK-13,ground;intel;transport;offensive_air;advanced_air;objective_bt,Assets/Game/Configs/SkirmishExpansion/Scenarios/S112,Standard,War,Regular,104841;130475;156033,196725,262259,327785,393353,458991,Planned,Pending,Pending,Pending,Pending,
S113,113,yes,,AP,opmap.skirmish.airfield_plains,BT,C,F,skirmish.s113,scenario.skirmish.s113,layout.skirmish.ap.bt,Scenarios/AP_BT.md#s113,SkirmishBreakthroughObjectiveSystem,SK-00;SK-01;SK-02;SK-03;SK-04;SK-05;SK-08;SK-10;SK-11;SK-12;SK-13,ground;intel;transport;offensive_air;advanced_ground;advanced_air;objective_bt,Assets/Game/Configs/SkirmishExpansion/Scenarios/S113,Standard,War,Regular,104842;130476;156034,196726,262260,327786,393354,458992,Planned,Pending,Pending,Pending,Pending,
S114,114,yes,,AP,opmap.skirmish.airfield_plains,BT,C,E,skirmish.s114,scenario.skirmish.s114,layout.skirmish.ap.bt,Scenarios/AP_BT.md#s114,SkirmishBreakthroughObjectiveSystem,SK-00;SK-01;SK-02;SK-03;SK-04;SK-05;SK-08;SK-10;SK-11;SK-12;SK-13,ground;intel;transport;offensive_air;advanced_ground;advanced_air;objective_bt,Assets/Game/Configs/SkirmishExpansion/Scenarios/S114,Standard,War,Regular,104843;130477;156035,196727,262261,327787,393355,458993,Planned,Pending,Pending,Pending,Pending,
S115,115,yes,,AP,opmap.skirmish.airfield_plains,CE,G,F,skirmish.s115,scenario.skirmish.s115,layout.skirmish.ap.ce,Scenarios/AP_CE.md#s115,SkirmishConvoyObjectiveSystem,SK-00;SK-01;SK-02;SK-03;SK-04;SK-05;SK-09;SK-10;SK-11;SK-12;SK-13,ground;intel;transport;advanced_ground;objective_ce;vehicle_repair,Assets/Game/Configs/SkirmishExpansion/Scenarios/S115,Standard,War,Regular,104844;130478;156036,196728,262262,327788,393356,458994,Planned,Pending,Pending,Pending,Pending,
S116,116,yes,,AP,opmap.skirmish.airfield_plains,CE,G,E,skirmish.s116,scenario.skirmish.s116,layout.skirmish.ap.ce,Scenarios/AP_CE.md#s116,SkirmishConvoyObjectiveSystem,SK-00;SK-01;SK-02;SK-03;SK-04;SK-05;SK-09;SK-10;SK-11;SK-12;SK-13,ground;intel;transport;advanced_ground;objective_ce;vehicle_repair,Assets/Game/Configs/SkirmishExpansion/Scenarios/S116,Standard,War,Regular,104845;130479;156037,196729,262263,327789,393357,458995,Planned,Pending,Pending,Pending,Pending,
S117,117,yes,,AP,opmap.skirmish.airfield_plains,CE,A,F,skirmish.s117,scenario.skirmish.s117,layout.skirmish.ap.ce,Scenarios/AP_CE.md#s117,SkirmishConvoyObjectiveSystem,SK-00;SK-01;SK-02;SK-03;SK-04;SK-05;SK-09;SK-10;SK-11;SK-12;SK-13,ground;intel;transport;offensive_air;advanced_air;objective_ce;vehicle_repair,Assets/Game/Configs/SkirmishExpansion/Scenarios/S117,Standard,War,Regular,104846;130480;156038,196730,262264,327790,393358,458996,Planned,Pending,Pending,Pending,Pending,
S118,118,yes,,AP,opmap.skirmish.airfield_plains,CE,A,E,skirmish.s118,scenario.skirmish.s118,layout.skirmish.ap.ce,Scenarios/AP_CE.md#s118,SkirmishConvoyObjectiveSystem,SK-00;SK-01;SK-02;SK-03;SK-04;SK-05;SK-09;SK-10;SK-11;SK-12;SK-13,ground;intel;transport;offensive_air;advanced_air;objective_ce;vehicle_repair,Assets/Game/Configs/SkirmishExpansion/Scenarios/S118,Standard,War,Regular,104847;130481;156039,196731,262265,327791,393359,458997,Planned,Pending,Pending,Pending,Pending,
S119,119,yes,,AP,opmap.skirmish.airfield_plains,CE,C,F,skirmish.s119,scenario.skirmish.s119,layout.skirmish.ap.ce,Scenarios/AP_CE.md#s119,SkirmishConvoyObjectiveSystem,SK-00;SK-01;SK-02;SK-03;SK-04;SK-05;SK-09;SK-10;SK-11;SK-12;SK-13,ground;intel;transport;offensive_air;advanced_ground;advanced_air;objective_ce;vehicle_repair,Assets/Game/Configs/SkirmishExpansion/Scenarios/S119,Standard,War,Regular,104848;130482;156040,196732,262266,327792,393360,458998,Planned,Pending,Pending,Pending,Pending,
S120,120,yes,,AP,opmap.skirmish.airfield_plains,CE,C,E,skirmish.s120,scenario.skirmish.s120,layout.skirmish.ap.ce,Scenarios/AP_CE.md#s120,SkirmishConvoyObjectiveSystem,SK-00;SK-01;SK-02;SK-03;SK-04;SK-05;SK-09;SK-10;SK-11;SK-12;SK-13,ground;intel;transport;offensive_air;advanced_ground;advanced_air;objective_ce;vehicle_repair,Assets/Game/Configs/SkirmishExpansion/Scenarios/S120,Standard,War,Regular,104849;130483;156041,196733,262267,327793,393361,458999,Planned,Pending,Pending,Pending,Pending,
